person_id,origin_id,destination_id,earliest_pickup_time,latest_arrival_time,task_type
P0001,F049,LAND,2026-08-05 08:33,2026-08-06 09:40,shift
P0002,LAND,F022,2026-08-03 07:37,2026-08-06 08:57,shift
P0003,F052,LAND,2026-08-08 09:56,2026-08-09 23:59,shift
P0004,LAND,F012,2026-08-07 07:14,2026-08-09 08:20,shift
P0005,F022,F033,2026-08-04 09:47,2026-08-05 09:55,shift
P0006,F018,LAND,2026-08-03 00:00,2026-08-04 10:00,shift
P0007,LAND,F034,2026-08-05 08:12,2026-08-07 09:54,shift
P0008,A02,F021,2026-08-09 07:21,2026-08-09 10:55,production
P0009,F004,LAND,2026-08-06 08:53,2026-08-08 10:20,shift
P0010,F038,LAND,2026-08-03 07:32,2026-08-03 10:41,production
P0011,F031,LAND,2026-08-08 11:40,2026-08-09 23:59,shift
P0012,F040,LAND,2026-08-03 08:03,2026-08-05 10:13,shift
P0013,F032,LAND,2026-08-07 08:45,2026-08-09 10:02,shift
P0014,F030,F026,2026-08-07 16:11,2026-08-09 16:30,shift
P0015,A01,F003,2026-08-03 00:00,2026-08-04 08:26,shift
P0016,LAND,F021,2026-08-03 07:39,2026-08-04 08:49,shift
P0017,F021,LAND,2026-08-03 00:00,2026-08-04 10:09,shift
P0018,F005,LAND,2026-08-03 09:50,2026-08-05 10:42,shift
P0019,F030,F026,2026-08-07 16:11,2026-08-09 23:59,shift
P0020,LAND,F002,2026-08-06 07:29,2026-08-08 08:38,shift
P0021,F005,F017,2026-08-05 08:24,2026-08-07 09:00,shift
P0022,F052,LAND,2026-08-05 11:19,2026-08-07 13:10,shift
P0023,F051,LAND,2026-08-09 09:13,2026-08-09 23:59,shift
P0024,F031,LAND,2026-08-04 11:38,2026-08-07 12:44,shift
P0025,F019,LAND,2026-08-06 16:23,2026-08-08 17:52,shift
P0026,F042,LAND,2026-08-07 08:20,2026-08-08 10:23,shift
P0027,LAND,F002,2026-08-09 07:25,2026-08-09 23:59,shift
P0028,LAND,F010,2026-08-04 08:32,2026-08-06 09:31,shift
P0029,LAND,F026,2026-08-03 07:14,2026-08-05 08:24,shift
P0030,LAND,F003,2026-08-06 07:12,2026-08-08 07:59,shift
P0031,F007,F002,2026-08-05 10:22,2026-08-06 10:31,shift
P0032,F001,LAND,2026-08-03 07:53,2026-08-04 09:10,shift
P0033,LAND,F003,2026-08-03 07:39,2026-08-05 08:26,shift
P0034,F048,LAND,2026-08-05 11:44,2026-08-06 12:54,shift
P0035,LAND,F003,2026-08-03 07:39,2026-08-04 08:26,shift
P0036,A01,F001,2026-08-08 06:53,2026-08-09 23:59,shift
P0037,LAND,F021,2026-08-06 07:01,2026-08-06 09:42,production
P0038,F036,F046,2026-08-03 00:00,2026-08-04 08:10,shift
P0039,F044,LAND,2026-08-03 09:32,2026-08-06 11:13,shift
P0040,A03,F047,2026-08-08 09:06,2026-08-08 12:49,production
P0041,F019,LAND,2026-08-05 16:23,2026-08-07 17:52,shift
P0042,LAND,F006,2026-08-03 00:00,2026-08-05 10:37,shift
P0043,F051,LAND,2026-08-05 10:57,2026-08-06 12:26,shift
P0044,LAND,F006,2026-08-05 07:00,2026-08-08 08:15,temporary
P0045,LAND,F019,2026-08-03 09:07,2026-08-05 10:06,shift
P0046,F002,A01,2026-08-06 08:48,2026-08-07 09:57,shift
P0047,F048,LAND,2026-08-07 10:31,2026-08-09 11:52,shift
P0048,F039,F048,2026-08-08 07:36,2026-08-09 23:59,shift
P0049,A01,F012,2026-08-08 07:14,2026-08-09 08:20,shift
P0050,F020,LAND,2026-08-05 08:05,2026-08-08 08:56,shift
P0051,F002,LAND,2026-08-05 08:48,2026-08-08 09:57,shift
P0052,F030,F026,2026-08-07 16:11,2026-08-09 16:30,shift
P0053,F026,F033,2026-08-05 07:45,2026-08-08 07:55,shift
P0054,F018,A02,2026-08-03 09:08,2026-08-05 10:00,shift
P0055,LAND,F022,2026-08-03 07:37,2026-08-05 08:57,shift
P0056,LAND,F021,2026-08-05 07:44,2026-08-07 08:54,shift
P0057,A01,F007,2026-08-08 07:30,2026-08-09 23:59,shift
P0058,LAND,F022,2026-08-05 08:25,2026-08-07 09:31,shift
P0059,A02,F019,2026-08-03 00:00,2026-08-05 10:06,shift
P0060,F051,LAND,2026-08-05 10:57,2026-08-06 12:26,shift
P0061,A01,F014,2026-08-04 07:15,2026-08-07 08:07,shift
P0062,F002,LAND,2026-08-04 08:48,2026-08-08 09:57,temporary
P0063,F019,LAND,2026-08-03 10:16,2026-08-05 11:45,shift
P0064,F043,F051,2026-08-04 10:17,2026-08-06 10:29,shift
P0065,LAND,F034,2026-08-08 06:13,2026-08-09 23:59,shift
P0066,LAND,F034,2026-08-08 06:13,2026-08-09 07:55,shift
P0067,F019,F033,2026-08-03 00:00,2026-08-05 09:54,shift
P0068,LAND,F023,2026-08-03 06:17,2026-08-05 07:30,shift
P0069,F042,LAND,2026-08-04 12:01,2026-08-05 14:50,shift
P0070,LAND,F033,2026-08-04 07:32,2026-08-07 08:48,shift
P0071,F030,F026,2026-08-07 16:11,2026-08-09 23:59,shift
P0072,LAND,F052,2026-08-06 08:58,2026-08-08 11:09,shift
P0073,F023,A02,2026-08-04 07:40,2026-08-05 09:13,shift
P0074,LAND,F044,2026-08-04 07:31,2026-08-06 09:12,shift
P0075,F030,LAND,2026-08-05 10:40,2026-08-07 11:30,shift
P0076,F024,LAND,2026-08-04 10:08,2026-08-04 12:56,production
P0077,LAND,F010,2026-08-08 09:58,2026-08-09 23:59,shift
P0078,F009,LAND,2026-08-04 08:43,2026-08-05 10:01,shift
P0079,F002,F004,2026-08-04 08:15,2026-08-06 08:56,shift
P0080,F038,F039,2026-08-08 10:20,2026-08-09 23:59,shift
P0081,LAND,F001,2026-08-05 10:08,2026-08-07 11:08,shift
P0082,F031,F021,2026-08-09 11:14,2026-08-09 23:59,shift
P0083,LAND,F034,2026-08-08 06:13,2026-08-09 23:59,shift
P0084,F039,LAND,2026-08-05 10:37,2026-08-08 11:48,shift
P0085,F035,LAND,2026-08-06 09:43,2026-08-07 11:10,shift
P0086,LAND,F009,2026-08-07 09:28,2026-08-09 23:59,shift
P0087,F039,F048,2026-08-09 07:36,2026-08-09 23:59,shift
P0088,F034,LAND,2026-08-07 08:05,2026-08-09 23:59,shift
P0089,LAND,F006,2026-08-03 00:00,2026-08-04 10:37,shift
P0090,F021,LAND,2026-08-09 09:41,2026-08-09 23:59,shift
P0091,LAND,F033,2026-08-04 07:32,2026-08-07 08:48,shift
P0092,F042,F040,2026-08-05 09:55,2026-08-07 10:04,shift
P0093,LAND,F012,2026-08-04 10:25,2026-08-06 11:31,shift
P0094,LAND,F026,2026-08-03 07:14,2026-08-05 08:24,shift
P0095,LAND,F043,2026-08-07 06:13,2026-08-07 09:58,production
P0096,F007,LAND,2026-08-08 08:47,2026-08-08 10:13,emergency
P0097,LAND,F039,2026-08-06 09:16,2026-08-07 10:27,shift
P0098,F038,LAND,2026-08-05 09:51,2026-08-07 11:15,shift
P0099,LAND,F032,2026-08-07 06:58,2026-08-09 23:59,shift
P0100,F002,LAND,2026-08-06 08:48,2026-08-08 09:57,shift
P0101,F012,A01,2026-08-08 08:30,2026-08-09 23:59,shift
P0102,LAND,F051,2026-08-09 07:26,2026-08-09 23:59,shift
P0103,F045,A03,2026-08-06 17:15,2026-08-08 18:38,shift
P0104,F022,A02,2026-08-09 10:15,2026-08-09 23:59,shift
P0105,F018,LAND,2026-08-05 10:32,2026-08-07 11:31,shift
P0106,F016,LAND,2026-08-05 16:00,2026-08-08 17:13,shift
P0107,F004,LAND,2026-08-03 00:00,2026-08-05 10:16,shift
P0108,F030,LAND,2026-08-05 10:40,2026-08-07 11:30,shift
P0109,F020,A02,2026-08-05 08:05,2026-08-08 08:56,shift
P0110,F033,LAND,2026-08-07 09:07,2026-08-09 10:13,shift
P0111,LAND,F023,2026-08-03 06:17,2026-08-06 07:30,shift
P0112,F013,LAND,2026-08-07 09:53,2026-08-09 23:59,shift
P0113,LAND,F006,2026-08-06 07:00,2026-08-08 08:15,shift
P0114,F023,LAND,2026-08-03 07:40,2026-08-06 09:13,shift
P0115,A02,F035,2026-08-08 08:40,2026-08-09 23:59,shift
P0116,LAND,F034,2026-08-05 08:12,2026-08-06 09:54,shift
P0117,F015,F009,2026-08-06 10:47,2026-08-09 10:58,shift
P0118,F008,F003,2026-08-04 10:59,2026-08-07 11:10,shift
P0119,F044,LAND,2026-08-07 08:22,2026-08-09 10:03,shift
P0120,F027,LAND,2026-08-04 08:17,2026-08-04 10:59,production
P0121,F010,LAND,2026-08-03 09:41,2026-08-05 11:09,shift
P0122,F025,F027,2026-08-05 09:36,2026-08-07 10:11,shift
P0123,F040,A03,2026-08-03 00:00,2026-08-05 10:13,shift
P0124,A02,F021,2026-08-09 08:21,2026-08-09 23:59,shift
P0125,F045,LAND,2026-08-07 17:15,2026-08-09 18:38,shift
P0126,LAND,F022,2026-08-04 07:37,2026-08-05 08:57,shift
P0127,F001,LAND,2026-08-03 07:53,2026-08-04 09:10,shift
P0128,F017,A01,2026-08-06 10:31,2026-08-07 11:13,shift
P0129,F046,A03,2026-08-08 11:12,2026-08-09 23:59,shift
P0130,F017,LAND,2026-08-05 10:31,2026-08-07 11:13,shift
P0131,F023,LAND,2026-08-06 16:51,2026-08-09 18:16,shift
P0132,LAND,F043,2026-08-06 07:00,2026-08-08 08:46,shift
P0133,F002,F003,2026-08-08 09:21,2026-08-09 23:59,shift
P0134,LAND,F019,2026-08-06 15:14,2026-08-08 16:13,shift
P0135,F044,LAND,2026-08-06 08:22,2026-08-09 10:03,shift
P0136,F003,LAND,2026-08-03 00:00,2026-08-04 09:57,shift
P0137,A01,F017,2026-08-06 09:39,2026-08-07 10:21,shift
P0138,LAND,F018,2026-08-09 09:11,2026-08-09 23:59,shift
P0139,F032,LAND,2026-08-07 08:45,2026-08-09 10:02,shift
P0140,A03,F040,2026-08-03 00:00,2026-08-04 07:53,shift
P0141,F023,LAND,2026-08-04 06:56,2026-08-04 10:20,production
P0142,F034,LAND,2026-08-07 08:05,2026-08-09 09:26,shift
P0143,F002,F003,2026-08-09 09:21,2026-08-09 23:59,shift
P0144,F006,LAND,2026-08-03 10:57,2026-08-04 12:02,shift
P0145,F024,F027,2026-08-05 15:22,2026-08-05 17:49,production
P0146,LAND,F004,2026-08-03 08:18,2026-08-04 09:12,shift
P0147,LAND,F018,2026-08-09 09:11,2026-08-09 23:59,shift
P0148,LAND,F021,2026-08-09 08:21,2026-08-09 23:59,shift
P0149,F046,LAND,2026-08-05 09:51,2026-08-05 13:45,production
P0150,F018,F026,2026-08-03 00:00,2026-08-04 08:43,shift
P0151,LAND,F006,2026-08-06 07:00,2026-08-08 08:15,shift
P0152,F049,F048,2026-08-08 07:52,2026-08-09 08:02,shift
P0153,F052,LAND,2026-08-05 11:19,2026-08-07 13:10,shift
P0154,F035,LAND,2026-08-08 10:17,2026-08-09 23:59,shift
P0155,F047,LAND,2026-08-04 11:11,2026-08-07 12:54,shift
P0156,F044,LAND,2026-08-03 09:32,2026-08-06 11:13,shift
P0157,F001,LAND,2026-08-09 07:08,2026-08-09 10:52,production
P0158,LAND,F006,2026-08-06 07:00,2026-08-08 08:15,shift
P0159,LAND,F029,2026-08-04 09:03,2026-08-06 10:28,shift
P0160,F003,LAND,2026-08-03 08:00,2026-08-03 11:08,production
P0161,F016,F005,2026-08-07 10:26,2026-08-07 12:41,production
P0162,F036,A03,2026-08-09 16:40,2026-08-09 23:59,shift
P0163,F046,LAND,2026-08-05 10:41,2026-08-06 12:24,shift
P0164,F032,LAND,2026-08-08 07:47,2026-08-08 11:04,production
P0165,F043,A03,2026-08-07 08:56,2026-08-08 10:19,shift
P0166,LAND,F050,2026-08-05 07:11,2026-08-07 09:24,shift
P0167,F010,F007,2026-08-04 07:53,2026-08-06 08:27,shift
P0168,F029,F021,2026-08-07 09:49,2026-08-09 23:59,shift
P0169,LAND,F030,2026-08-05 09:40,2026-08-06 10:30,shift
P0170,F006,LAND,2026-08-07 08:35,2026-08-09 09:50,shift
P0171,F025,LAND,2026-08-07 08:24,2026-08-08 09:20,shift
P0172,LAND,F047,2026-08-07 09:57,2026-08-09 23:59,shift
P0173,F023,F032,2026-08-03 11:47,2026-08-05 11:51,shift
P0174,A01,F011,2026-08-03 09:43,2026-08-05 10:38,shift
P0175,F043,LAND,2026-08-04 12:13,2026-08-05 13:36,shift
P0176,F018,LAND,2026-08-03 09:08,2026-08-05 10:00,shift
P0177,LAND,F005,2026-08-07 09:10,2026-08-09 10:02,shift
P0178,F043,F051,2026-08-04 10:17,2026-08-06 10:29,shift
P0179,F033,LAND,2026-08-08 09:07,2026-08-09 10:13,shift
P0180,F020,F019,2026-08-03 00:00,2026-08-04 10:58,shift
P0181,F002,F003,2026-08-09 08:28,2026-08-09 10:54,production
P0182,F049,LAND,2026-08-08 11:45,2026-08-09 13:02,shift
P0183,F037,LAND,2026-08-06 09:05,2026-08-07 11:07,shift
P0184,LAND,F051,2026-08-09 07:26,2026-08-09 23:59,shift
P0185,F025,LAND,2026-08-06 08:24,2026-08-08 09:20,shift
P0186,LAND,F006,2026-08-03 09:32,2026-08-05 10:37,shift
P0187,F052,LAND,2026-08-06 11:19,2026-08-07 13:10,shift
P0188,LAND,F031,2026-08-08 10:14,2026-08-09 11:20,shift
P0189,F039,A03,2026-08-03 00:00,2026-08-05 09:51,shift
P0190,F023,LAND,2026-08-03 07:40,2026-08-06 09:13,shift
P0191,LAND,F046,2026-08-07 09:19,2026-08-09 23:59,temporary
P0192,LAND,F027,2026-08-03 07:53,2026-08-05 08:56,shift
P0193,LAND,F026,2026-08-04 06:36,2026-08-04 09:41,production
P0194,F009,LAND,2026-08-07 10:24,2026-08-09 11:10,shift
P0195,F013,LAND,2026-08-07 09:53,2026-08-09 23:59,shift
P0196,F048,F039,2026-08-07 10:52,2026-08-08 11:02,shift
P0197,F051,LAND,2026-08-04 10:57,2026-08-07 12:26,shift
P0198,F031,A02,2026-08-07 11:40,2026-08-09 23:59,shift
P0199,LAND,F037,2026-08-05 06:53,2026-08-07 08:55,shift
P0200,F046,LAND,2026-08-07 11:12,2026-08-09 12:55,shift
P0201,F001,F016,2026-08-03 11:33,2026-08-05 11:46,shift
P0202,F007,LAND,2026-08-03 08:15,2026-08-05 09:29,shift
P0203,LAND,F021,2026-08-09 07:51,2026-08-09 10:26,production
P0204,F019,LAND,2026-08-05 16:23,2026-08-08 17:52,shift
P0205,F011,F015,2026-08-06 07:33,2026-08-07 07:41,shift
P0206,LAND,F052,2026-08-05 08:58,2026-08-08 11:09,shift
P0207,F029,F021,2026-08-08 09:49,2026-08-09 09:54,shift
P0208,F038,LAND,2026-08-06 09:51,2026-08-08 11:15,shift
P0209,LAND,F021,2026-08-03 07:39,2026-08-05 08:49,shift
P0210,F039,F048,2026-08-09 07:36,2026-08-09 23:59,shift
P0211,F019,F033,2026-08-03 00:00,2026-08-04 09:54,shift
P0212,F005,F017,2026-08-04 08:24,2026-08-07 09:00,shift
P0213,A02,F024,2026-08-07 10:01,2026-08-09 11:01,shift
P0214,LAND,F022,2026-08-06 08:25,2026-08-07 09:31,shift
P0215,LAND,F036,2026-08-09 15:17,2026-08-09 23:59,shift
P0216,LAND,F033,2026-08-04 07:32,2026-08-06 08:48,shift
P0217,F032,LAND,2026-08-08 08:45,2026-08-09 10:02,shift
P0218,F031,F021,2026-08-08 11:14,2026-08-09 23:59,shift
P0219,F021,LAND,2026-08-05 09:04,2026-08-07 10:14,shift
P0220,F042,LAND,2026-08-07 08:20,2026-08-08 10:23,shift
P0221,A02,F031,2026-08-05 10:12,2026-08-07 11:18,shift
P0222,LAND,F027,2026-08-07 15:07,2026-08-08 16:10,shift
P0223,F004,LAND,2026-08-07 08:53,2026-08-09 10:20,shift
P0224,F049,LAND,2026-08-04 08:33,2026-08-07 09:40,shift
P0225,F003,F007,2026-08-09 08:30,2026-08-09 10:38,production
P0226,A02,F029,2026-08-08 09:07,2026-08-09 23:59,shift
P0227,LAND,F041,2026-08-03 08:33,2026-08-05 10:42,shift
P0228,LAND,F012,2026-08-03 10:25,2026-08-05 11:31,shift
P0229,LAND,F013,2026-08-05 06:47,2026-08-06 08:16,shift
P0230,A02,F026,2026-08-03 07:14,2026-08-05 08:24,shift
P0231,F001,LAND,2026-08-03 00:00,2026-08-04 09:10,shift
P0232,F022,LAND,2026-08-03 09:07,2026-08-06 09:57,shift
P0233,F016,A01,2026-08-08 10:32,2026-08-09 23:59,shift
P0234,F039,F052,2026-08-04 10:59,2026-08-05 11:42,shift
P0235,F012,LAND,2026-08-03 11:41,2026-08-05 12:47,shift
P0236,F047,LAND,2026-08-08 11:50,2026-08-09 13:33,shift
P0237,F007,F002,2026-08-05 10:22,2026-08-06 10:31,shift
P0238,LAND,F038,2026-08-05 08:07,2026-08-07 09:31,shift
P0239,A01,F012,2026-08-04 10:25,2026-08-05 11:31,shift
P0240,A01,F006,2026-08-03 09:32,2026-08-04 10:37,shift
P0241,LAND,F028,2026-08-07 06:10,2026-08-09 07:49,shift
P0242,F033,A02,2026-08-08 09:07,2026-08-09 10:13,shift
P0243,F017,LAND,2026-08-06 09:41,2026-08-06 12:00,production
P0244,LAND,F006,2026-08-06 07:00,2026-08-08 08:15,shift
P0245,LAND,F046,2026-08-07 09:19,2026-08-09 11:02,shift
P0246,F046,A03,2026-08-07 11:12,2026-08-09 23:59,shift
P0247,A01,F012,2026-08-08 07:14,2026-08-09 23:59,shift
P0248,F036,LAND,2026-08-03 00:00,2026-08-05 18:22,shift
P0249,LAND,F020,2026-08-06 07:04,2026-08-07 07:55,shift
P0250,F010,A01,2026-08-08 10:07,2026-08-08 13:31,production
P0251,F047,LAND,2026-08-05 11:50,2026-08-09 23:59,temporary
P0252,A01,F009,2026-08-08 09:28,2026-08-09 23:59,shift
P0253,LAND,F018,2026-08-03 00:00,2026-08-04 08:48,shift
P0254,LAND,F021,2026-08-06 07:44,2026-08-08 08:54,shift
P0255,LAND,F048,2026-08-05 09:57,2026-08-06 11:34,shift
P0256,F033,LAND,2026-08-08 08:54,2026-08-08 10:32,emergency
P0257,LAND,F003,2026-08-07 06:12,2026-08-07 08:44,production
P0258,F033,LAND,2026-08-04 08:58,2026-08-07 10:14,shift
P0259,LAND,F044,2026-08-04 07:31,2026-08-06 09:12,shift
P0260,A03,F037,2026-08-03 00:00,2026-08-04 11:30,shift
P0261,F039,F048,2026-08-09 07:36,2026-08-09 23:59,shift
P0262,F039,F048,2026-08-09 07:36,2026-08-09 23:59,shift
P0263,F052,F048,2026-08-08 09:54,2026-08-08 11:43,production
P0264,F039,LAND,2026-08-06 10:37,2026-08-08 11:48,shift
P0265,F044,LAND,2026-08-06 08:22,2026-08-08 10:03,shift
P0266,LAND,F012,2026-08-04 10:25,2026-08-05 11:31,shift
P0267,A01,F006,2026-08-06 07:00,2026-08-08 08:15,shift
P0268,LAND,F022,2026-08-09 08:59,2026-08-09 23:59,shift
P0269,LAND,F015,2026-08-09 08:53,2026-08-09 23:59,shift
P0270,F038,F045,2026-08-03 00:00,2026-08-04 16:59,shift
P0271,F036,LAND,2026-08-08 16:40,2026-08-09 23:59,shift
P0272,LAND,F028,2026-08-05 06:10,2026-08-09 23:59,temporary
P0273,F049,LAND,2026-08-07 11:45,2026-08-09 23:59,shift
P0274,F044,LAND,2026-08-04 09:32,2026-08-06 11:13,shift
P0275,LAND,F016,2026-08-06 15:06,2026-08-08 15:50,shift
P0276,F036,F049,2026-08-09 11:56,2026-08-09 23:59,shift
P0277,F050,LAND,2026-08-05 09:44,2026-08-06 11:57,shift
P0278,F019,LAND,2026-08-03 10:16,2026-08-04 11:45,shift
P0279,F005,F017,2026-08-05 08:09,2026-08-05 09:14,emergency
P0280,F018,LAND,2026-08-08 10:23,2026-08-09 23:59,shift
P0281,F001,F016,2026-08-03 00:00,2026-08-04 11:46,shift
P0282,F021,LAND,2026-08-06 09:04,2026-08-08 10:14,shift
P0283,F037,LAND,2026-08-03 00:00,2026-08-04 13:42,shift
P0284,LAND,F011,2026-08-08 06:36,2026-08-09 07:31,shift
P0285,F040,F041,2026-08-04 08:25,2026-08-04 09:29,emergency
P0286,F036,LAND,2026-08-03 16:49,2026-08-04 18:22,shift
P0287,F027,F021,2026-08-07 07:19,2026-08-08 07:52,shift
P0288,LAND,F027,2026-08-07 15:07,2026-08-09 16:10,shift
P0289,LAND,F028,2026-08-05 06:00,2026-08-05 08:28,production
P0290,F047,LAND,2026-08-08 11:50,2026-08-09 13:33,shift
P0291,F051,F038,2026-08-08 08:43,2026-08-08 10:27,production
P0292,F006,LAND,2026-08-06 08:35,2026-08-09 09:50,shift
P0293,A01,F011,2026-08-08 06:36,2026-08-09 23:59,shift
P0294,A03,F042,2026-08-07 06:00,2026-08-07 08:21,emergency
P0295,F030,F026,2026-08-07 16:11,2026-08-09 23:59,shift
P0296,F040,F041,2026-08-04 08:40,2026-08-06 09:19,shift
P0297,F023,LAND,2026-08-04 07:40,2026-08-05 09:13,shift
P0298,LAND,F023,2026-08-06 15:16,2026-08-08 16:41,shift
P0299,LAND,F029,2026-08-04 09:03,2026-08-07 10:28,shift
P0300,LAND,F021,2026-08-06 07:44,2026-08-07 08:54,shift
P0301,F035,LAND,2026-08-08 10:17,2026-08-09 23:59,shift
P0302,F051,F038,2026-08-08 09:23,2026-08-09 09:28,shift
P0303,LAND,F014,2026-08-08 08:19,2026-08-09 23:59,shift
P0304,LAND,F026,2026-08-06 07:20,2026-08-09 08:43,shift
P0305,LAND,F034,2026-08-07 06:13,2026-08-09 07:55,shift
P0306,LAND,F029,2026-08-08 09:07,2026-08-09 10:24,shift
P0307,A02,F024,2026-08-04 09:30,2026-08-05 10:30,shift
P0308,F021,F027,2026-08-03 00:00,2026-08-05 08:06,temporary
P0309,F052,F048,2026-08-08 10:34,2026-08-09 23:59,shift
P0310,F021,A02,2026-08-03 08:59,2026-08-05 10:09,shift
P0311,LAND,F021,2026-08-03 07:39,2026-08-04 08:49,shift
P0312,F034,LAND,2026-08-07 08:05,2026-08-09 23:59,shift
P0313,F042,F040,2026-08-05 09:10,2026-08-05 11:34,production
P0314,F036,A03,2026-08-03 00:00,2026-08-04 18:22,shift
P0315,F037,F044,2026-08-08 09:04,2026-08-09 23:59,shift
P0316,F048,LAND,2026-08-07 10:31,2026-08-09 11:52,shift
P0317,F008,F003,2026-08-04 10:59,2026-08-06 11:10,shift
P0318,F023,F032,2026-08-03 00:00,2026-08-07 11:51,temporary
P0319,F004,LAND,2026-08-07 08:43,2026-08-07 10:41,emergency
P0320,LAND,F028,2026-08-06 06:10,2026-08-08 07:49,shift
P0321,F015,LAND,2026-08-05 08:29,2026-08-07 09:15,shift
P0322,F023,F032,2026-08-04 11:47,2026-08-06 11:51,shift
P0323,LAND,F049,2026-08-05 06:00,2026-08-05 09:15,production
P0324,F051,A03,2026-08-08 09:13,2026-08-09 23:59,shift
P0325,F039,LAND,2026-08-03 08:40,2026-08-05 09:51,shift
P0326,LAND,F041,2026-08-07 09:51,2026-08-09 12:00,shift
P0327,F019,LAND,2026-08-06 16:23,2026-08-07 17:52,shift
P0328,F036,F049,2026-08-08 11:56,2026-08-09 23:59,shift
P0329,F040,A03,2026-08-03 00:00,2026-08-05 10:13,shift
P0330,LAND,F037,2026-08-06 06:53,2026-08-08 08:55,shift
P0331,F018,LAND,2026-08-06 10:32,2026-08-07 11:31,shift
P0332,LAND,F030,2026-08-05 09:40,2026-08-07 10:30,shift
P0333,F051,LAND,2026-08-04 10:57,2026-08-07 12:26,shift
P0334,F022,LAND,2026-08-09 10:15,2026-08-09 23:59,shift
P0335,F048,F039,2026-08-07 10:52,2026-08-08 11:02,shift
P0336,F037,F044,2026-08-09 09:04,2026-08-09 23:59,shift
P0337,F007,LAND,2026-08-03 07:19,2026-08-03 10:42,production
P0338,LAND,F038,2026-08-05 08:07,2026-08-07 09:31,shift
P0339,F051,F038,2026-08-07 09:23,2026-08-09 09:28,shift
P0340,F024,LAND,2026-08-07 11:21,2026-08-08 12:21,shift
P0341,F037,LAND,2026-08-06 09:05,2026-08-08 11:07,shift
P0342,F011,LAND,2026-08-08 07:51,2026-08-09 08:46,shift
P0343,F010,LAND,2026-08-06 11:07,2026-08-09 23:59,temporary
P0344,LAND,F019,2026-08-06 14:33,2026-08-06 17:28,production
P0345,F020,LAND,2026-08-08 08:49,2026-08-09 23:59,shift
P0346,F029,F021,2026-08-07 09:49,2026-08-09 09:54,shift
P0347,LAND,F030,2026-08-05 08:41,2026-08-05 11:34,production
P0348,F016,LAND,2026-08-05 16:00,2026-08-08 17:13,shift
P0349,LAND,F051,2026-08-09 07:26,2026-08-09 23:59,shift
P0350,LAND,F020,2026-08-09 07:48,2026-08-09 23:59,shift
P0351,F021,LAND,2026-08-08 09:41,2026-08-09 23:59,shift
P0352,F035,LAND,2026-08-09 09:27,2026-08-09 12:43,production
P0353,F049,LAND,2026-08-04 08:33,2026-08-06 09:40,shift
P0354,F025,LAND,2026-08-04 16:17,2026-08-04 18:42,production
P0355,F024,LAND,2026-08-03 10:50,2026-08-05 11:50,shift
P0356,F037,F044,2026-08-09 09:04,2026-08-09 23:59,shift
P0357,LAND,F030,2026-08-08 09:44,2026-08-09 23:59,shift
P0358,F026,F033,2026-08-05 07:45,2026-08-07 07:55,shift
P0359,F019,LAND,2026-08-07 08:20,2026-08-09 23:59,temporary
P0360,F050,LAND,2026-08-05 09:04,2026-08-05 12:47,production
P0361,F034,LAND,2026-08-08 08:05,2026-08-09 23:59,shift
P0362,F034,LAND,2026-08-04 10:04,2026-08-06 11:25,shift
P0363,F018,LAND,2026-08-03 00:00,2026-08-05 10:00,shift
P0364,F039,LAND,2026-08-03 00:00,2026-08-04 09:51,shift
P0365,LAND,F045,2026-08-06 15:11,2026-08-08 17:05,shift
P0366,F052,F048,2026-08-05 10:34,2026-08-09 23:59,temporary
P0367,LAND,F040,2026-08-03 06:05,2026-08-04 07:53,shift
P0368,A03,F041,2026-08-03 08:33,2026-08-05 10:42,shift
P0369,LAND,F036,2026-08-05 10:09,2026-08-07 11:47,shift
P0370,F014,A01,2026-08-04 08:17,2026-08-06 09:09,shift
P0371,LAND,F018,2026-08-09 09:11,2026-08-09 23:59,shift
P0372,F052,A03,2026-08-08 09:56,2026-08-09 23:59,shift
P0373,F038,F039,2026-08-09 10:20,2026-08-09 23:59,shift
P0374,F029,LAND,2026-08-05 09:48,2026-08-05 12:31,production
P0375,LAND,F010,2026-08-03 08:32,2026-08-05 09:31,shift
P0376,LAND,F021,2026-08-06 08:21,2026-08-09 23:59,temporary
P0377,LAND,F041,2026-08-04 09:51,2026-08-09 12:00,temporary
P0378,F047,F049,2026-08-06 17:06,2026-08-09 17:12,shift
P0379,A02,F032,2026-08-04 06:54,2026-08-06 08:31,shift
P0380,F015,LAND,2026-08-08 10:20,2026-08-09 23:59,shift
P0381,F039,F048,2026-08-09 07:36,2026-08-09 23:59,shift
P0382,LAND,F018,2026-08-06 09:13,2026-08-08 10:12,shift
P0383,F050,F043,2026-08-07 09:47,2026-08-09 10:39,shift
P0384,F044,LAND,2026-08-03 09:32,2026-08-05 11:13,shift
P0385,LAND,F038,2026-08-05 08:07,2026-08-07 09:31,shift
P0386,A03,F044,2026-08-04 07:31,2026-08-06 09:12,shift
P0387,LAND,F033,2026-08-08 07:26,2026-08-09 08:57,shift
P0388,LAND,F036,2026-08-09 15:17,2026-08-09 23:59,shift
P0389,F038,F039,2026-08-08 10:20,2026-08-09 23:59,shift
P0390,LAND,F032,2026-08-08 06:58,2026-08-09 23:59,shift
P0391,F045,A03,2026-08-03 10:58,2026-08-05 12:21,shift
P0392,F004,F007,2026-08-04 07:56,2026-08-04 08:35,emergency
P0393,LAND,F006,2026-08-03 09:32,2026-08-05 10:37,shift
P0394,LAND,F021,2026-08-03 00:00,2026-08-05 08:49,shift
P0395,LAND,F010,2026-08-08 09:58,2026-08-09 10:57,shift
P0396,LAND,F044,2026-08-07 06:21,2026-08-09 08:02,shift
P0397,F010,LAND,2026-08-03 09:41,2026-08-05 11:09,shift
P0398,F025,F027,2026-08-05 09:36,2026-08-08 10:11,shift
P0399,LAND,F038,2026-08-03 06:47,2026-08-04 07:59,shift
P0400,F029,F021,2026-08-07 09:49,2026-08-09 23:59,shift
P0401,A03,F036,2026-08-03 00:00,2026-08-05 16:39,shift
P0402,LAND,F001,2026-08-03 00:00,2026-08-05 07:43,shift
P0403,F028,LAND,2026-08-07 07:59,2026-08-09 09:16,shift
P0404,LAND,F034,2026-08-05 07:32,2026-08-05 11:12,production
P0405,F050,A03,2026-08-05 09:44,2026-08-06 11:57,shift
P0406,F030,LAND,2026-08-04 10:40,2026-08-06 11:30,shift
P0407,F032,LAND,2026-08-04 08:41,2026-08-07 09:58,shift
P0408,F025,LAND,2026-08-03 16:56,2026-08-05 17:52,shift
P0409,LAND,F015,2026-08-05 07:02,2026-08-08 08:19,shift
P0410,LAND,F024,2026-08-03 09:30,2026-08-05 10:30,shift
P0411,F006,LAND,2026-08-03 00:00,2026-08-05 12:02,shift
P0412,F019,LAND,2026-08-03 10:16,2026-08-04 11:45,shift
P0413,F013,LAND,2026-08-07 09:53,2026-08-09 23:59,shift
P0414,LAND,F026,2026-08-04 07:14,2026-08-06 08:24,shift
P0415,LAND,F021,2026-08-05 07:44,2026-08-07 08:54,shift
P0416,F005,LAND,2026-08-03 09:39,2026-08-03 10:59,emergency
P0417,LAND,F013,2026-08-08 07:53,2026-08-09 23:59,shift
P0418,LAND,F017,2026-08-06 10:11,2026-08-09 23:59,temporary
P0419,A01,F013,2026-08-08 07:19,2026-08-08 10:43,production
P0420,F039,LAND,2026-08-03 00:00,2026-08-04 09:51,shift
P0421,LAND,F020,2026-08-03 00:00,2026-08-04 07:57,shift
P0422,LAND,F032,2026-08-05 06:54,2026-08-07 08:31,shift
P0423,LAND,F016,2026-08-08 09:32,2026-08-09 23:59,shift
P0424,F010,LAND,2026-08-03 09:41,2026-08-06 11:09,shift
P0425,F038,LAND,2026-08-03 00:00,2026-08-05 09:31,shift
P0426,F037,F044,2026-08-09 09:04,2026-08-09 23:59,shift
P0427,F022,LAND,2026-08-07 10:15,2026-08-09 23:59,temporary
P0428,LAND,F035,2026-08-05 08:06,2026-08-08 09:33,shift
P0429,F034,LAND,2026-08-05 09:10,2026-08-05 12:21,production
P0430,LAND,F045,2026-08-06 15:11,2026-08-09 17:05,shift
P0431,F001,LAND,2026-08-06 10:32,2026-08-06 14:05,production
P0432,F019,LAND,2026-08-09 07:31,2026-08-09 10:42,production
P0433,A02,F024,2026-08-07 10:01,2026-08-09 11:01,shift
P0434,F052,F048,2026-08-08 10:34,2026-08-09 10:42,shift
P0435,LAND,F036,2026-08-08 15:17,2026-08-09 23:59,shift
P0436,LAND,F020,2026-08-08 07:48,2026-08-09 23:59,shift
P0437,F016,F005,2026-08-07 11:22,2026-08-08 11:29,shift
P0438,LAND,F021,2026-08-06 07:44,2026-08-07 08:54,shift
P0439,F017,F014,2026-08-06 08:42,2026-08-09 08:54,shift
P0440,LAND,F020,2026-08-03 06:58,2026-08-05 07:57,shift
P0441,F006,LAND,2026-08-03 00:00,2026-08-05 12:02,shift
P0442,A03,F044,2026-08-07 06:21,2026-08-08 08:02,shift
P0443,F038,LAND,2026-08-06 09:51,2026-08-08 11:15,shift
P0444,F010,LAND,2026-08-04 08:50,2026-08-04 12:30,production
P0445,LAND,F018,2026-08-05 09:13,2026-08-07 10:12,shift
P0446,LAND,F051,2026-08-05 08:57,2026-08-06 10:47,shift
P0447,F022,LAND,2026-08-06 09:41,2026-08-08 10:47,shift
P0448,A02,F030,2026-08-05 09:40,2026-08-07 10:30,shift
P0449,LAND,F029,2026-08-05 09:03,2026-08-06 10:28,shift
P0450,LAND,F027,2026-08-04 07:53,2026-08-05 08:56,shift
P0451,LAND,F034,2026-08-05 07:17,2026-08-05 11:02,production
P0452,F026,LAND,2026-08-07 08:53,2026-08-08 09:54,shift
P0453,LAND,F013,2026-08-04 06:47,2026-08-07 08:16,shift
P0454,LAND,F008,2026-08-08 08:05,2026-08-09 23:59,shift
P0455,LAND,F042,2026-08-03 09:02,2026-08-05 11:51,shift
P0456,LAND,F021,2026-08-08 08:21,2026-08-09 23:59,shift
P0457,F048,LAND,2026-08-08 10:31,2026-08-09 11:52,shift
P0458,LAND,F020,2026-08-08 07:48,2026-08-09 23:59,shift
P0459,LAND,F025,2026-08-07 06:00,2026-08-07 09:44,production
P0460,LAND,F022,2026-08-08 08:59,2026-08-09 23:59,shift
P0461,F051,F038,2026-08-07 09:23,2026-08-09 09:28,shift
P0462,LAND,F051,2026-08-04 08:57,2026-08-07 10:47,shift
P0463,F011,LAND,2026-08-04 10:21,2026-08-04 13:02,production
P0464,F001,LAND,2026-08-08 08:03,2026-08-09 23:59,shift
P0465,A03,F052,2026-08-09 07:30,2026-08-09 11:01,production
P0466,F048,F039,2026-08-07 10:17,2026-08-07 12:31,production
P0467,LAND,F050,2026-08-08 09:33,2026-08-09 23:59,shift
P0468,F031,A02,2026-08-08 11:40,2026-08-09 23:59,shift
P0469,F044,A03,2026-08-06 08:22,2026-08-08 10:03,shift
P0470,LAND,F031,2026-08-05 10:12,2026-08-06 11:18,shift
P0471,F039,A03,2026-08-06 10:37,2026-08-08 11:48,shift
P0472,LAND,F018,2026-08-03 07:56,2026-08-05 08:48,shift
P0473,F039,F048,2026-08-08 07:36,2026-08-09 23:59,shift
P0474,F007,F002,2026-08-05 10:22,2026-08-07 10:31,shift
P0475,LAND,F024,2026-08-03 09:30,2026-08-05 10:30,temporary
P0476,A01,F015,2026-08-08 08:53,2026-08-09 23:59,shift
P0477,F041,F045,2026-08-04 10:20,2026-08-05 10:27,shift
P0478,F038,LAND,2026-08-06 09:51,2026-08-08 11:15,shift
P0479,LAND,F030,2026-08-07 09:44,2026-08-09 23:59,shift
P0480,LAND,F007,2026-08-03 00:00,2026-08-04 08:05,shift
P0481,F034,LAND,2026-08-08 07:25,2026-08-08 10:30,production
P0482,LAND,F016,2026-08-08 09:32,2026-08-09 23:59,shift
P0483,F052,LAND,2026-08-06 11:19,2026-08-08 13:10,shift
P0484,A01,F015,2026-08-05 07:02,2026-08-08 08:19,shift
P0485,F032,F025,2026-08-09 08:20,2026-08-09 23:59,shift
P0486,F017,F014,2026-08-07 08:42,2026-08-08 08:54,shift
P0487,F032,A02,2026-08-05 08:07,2026-08-05 11:08,production
P0488,F026,A02,2026-08-03 08:34,2026-08-05 09:44,temporary
P0489,F003,F007,2026-08-09 09:19,2026-08-09 23:59,shift
P0490,LAND,F028,2026-08-04 06:10,2026-08-08 07:49,temporary
P0491,F011,LAND,2026-08-04 10:58,2026-08-05 11:53,shift
P0492,LAND,F020,2026-08-06 07:04,2026-08-07 07:55,shift
P0493,LAND,F019,2026-08-03 00:00,2026-08-04 10:06,shift
P0494,F048,F039,2026-08-06 10:52,2026-08-09 11:02,shift
P0495,F043,LAND,2026-08-04 12:13,2026-08-05 13:36,shift
P0496,LAND,F036,2026-08-06 10:09,2026-08-08 11:47,shift
P0497,F045,LAND,2026-08-03 10:58,2026-08-05 12:21,shift
P0498,F020,LAND,2026-08-03 00:00,2026-08-05 09:06,shift
P0499,A02,F024,2026-08-04 09:30,2026-08-05 10:30,shift
P0500,F048,LAND,2026-08-04 11:44,2026-08-06 12:54,shift
P0501,LAND,F021,2026-08-03 00:00,2026-08-04 08:49,shift
P0502,LAND,F051,2026-08-04 08:57,2026-08-07 10:47,shift
P0503,F044,LAND,2026-08-04 08:34,2026-08-04 12:21,production
P0504,F047,LAND,2026-08-05 11:11,2026-08-07 12:54,shift
P0505,LAND,F026,2026-08-07 07:20,2026-08-09 08:43,shift
P0506,F013,LAND,2026-08-07 09:53,2026-08-09 11:22,shift
P0507,F050,F043,2026-08-08 09:47,2026-08-09 10:39,shift
P0508,F007,A01,2026-08-08 09:01,2026-08-09 23:59,shift
P0509,F037,F040,2026-08-03 12:15,2026-08-05 12:23,shift
P0510,LAND,F012,2026-08-04 10:25,2026-08-06 11:31,shift
P0511,LAND,F026,2026-08-07 07:20,2026-08-08 08:43,shift
P0512,LAND,F001,2026-08-06 10:08,2026-08-07 11:08,shift
P0513,LAND,F015,2026-08-06 06:55,2026-08-06 08:44,emergency
P0514,F040,LAND,2026-08-07 12:05,2026-08-08 14:47,shift
P0515,F005,LAND,2026-08-07 10:12,2026-08-08 11:04,shift
P0516,F037,F044,2026-08-09 09:04,2026-08-09 23:59,shift
P0517,F048,A03,2026-08-04 11:44,2026-08-06 12:54,shift
P0518,F006,LAND,2026-08-03 10:01,2026-08-03 12:51,production
P0519,LAND,F041,2026-08-03 08:33,2026-08-05 10:42,shift
P0520,LAND,F043,2026-08-03 10:17,2026-08-05 12:03,shift
P0521,LAND,F026,2026-08-04 07:14,2026-08-06 08:24,shift
P0522,LAND,F026,2026-08-06 07:20,2026-08-09 08:43,shift
P0523,F038,A03,2026-08-05 09:51,2026-08-08 11:15,shift
P0524,F016,LAND,2026-08-08 10:32,2026-08-09 23:59,shift
P0525,LAND,F012,2026-08-08 06:30,2026-08-08 09:29,production
P0526,F044,F037,2026-08-06 12:07,2026-08-08 12:20,shift
P0527,F004,F007,2026-08-04 08:10,2026-08-05 08:22,shift
P0528,A01,F003,2026-08-07 07:12,2026-08-08 07:59,shift
P0529,F043,LAND,2026-08-06 08:56,2026-08-08 10:19,shift
P0530,LAND,F051,2026-08-08 07:26,2026-08-09 23:59,shift
P0531,F022,A02,2026-08-08 10:15,2026-08-09 23:59,shift
P0532,F021,LAND,2026-08-08 09:41,2026-08-09 23:59,shift
P0533,F025,LAND,2026-08-04 16:56,2026-08-06 17:52,shift
P0534,F034,LAND,2026-08-08 08:05,2026-08-09 09:26,shift
P0535,LAND,F011,2026-08-04 09:43,2026-08-06 10:38,shift
P0536,F050,LAND,2026-08-08 12:50,2026-08-09 23:59,shift
P0537,LAND,F025,2026-08-04 14:29,2026-08-04 17:40,production
P0538,F005,LAND,2026-08-03 08:51,2026-08-03 11:37,production
P0539,F019,LAND,2026-08-03 10:16,2026-08-05 11:45,shift
P0540,A03,F050,2026-08-04 07:11,2026-08-07 09:24,shift
P0541,LAND,F051,2026-08-04 08:57,2026-08-07 10:47,shift
P0542,A02,F019,2026-08-09 07:11,2026-08-09 23:59,shift
P0543,F023,LAND,2026-08-03 07:40,2026-08-06 09:13,shift
P0544,F030,LAND,2026-08-08 10:44,2026-08-09 23:59,shift
P0545,F030,LAND,2026-08-07 10:44,2026-08-09 11:34,shift
P0546,A02,F032,2026-08-08 06:58,2026-08-09 23:59,shift
P0547,LAND,F047,2026-08-08 09:57,2026-08-09 11:40,shift
P0548,F002,LAND,2026-08-08 08:44,2026-08-09 23:59,shift
P0549,F039,F048,2026-08-08 07:36,2026-08-09 23:59,shift
P0550,LAND,F021,2026-08-03 07:39,2026-08-05 08:49,shift
P0551,F046,LAND,2026-08-05 10:41,2026-08-06 12:24,shift
P0552,LAND,F036,2026-08-05 10:09,2026-08-08 11:47,shift
P0553,F025,LAND,2026-08-07 08:24,2026-08-09 09:20,shift
P0554,F020,A02,2026-08-06 08:05,2026-08-08 08:56,shift
P0555,F029,LAND,2026-08-05 10:38,2026-08-06 11:37,shift
P0556,F049,F048,2026-08-07 07:52,2026-08-09 23:59,shift
P0557,F038,A03,2026-08-06 09:51,2026-08-07 11:15,shift
P0558,LAND,F044,2026-08-03 07:31,2026-08-06 09:12,shift
P0559,LAND,F028,2026-08-04 06:15,2026-08-06 07:35,shift
P0560,F016,F005,2026-08-06 11:22,2026-08-08 11:29,shift
P0561,LAND,F012,2026-08-04 10:25,2026-08-06 11:31,shift
P0562,LAND,F030,2026-08-08 09:44,2026-08-09 23:59,shift
P0563,F024,LAND,2026-08-06 11:21,2026-08-09 12:21,shift
P0564,F006,LAND,2026-08-06 08:35,2026-08-09 09:50,shift
P0565,LAND,F035,2026-08-06 07:32,2026-08-06 10:53,production
P0566,LAND,F044,2026-08-07 06:21,2026-08-09 08:02,shift
P0567,LAND,F050,2026-08-04 07:11,2026-08-06 09:24,shift
P0568,LAND,F045,2026-08-03 08:54,2026-08-05 10:48,shift
P0569,F043,F051,2026-08-05 10:17,2026-08-06 10:29,shift
P0570,A01,F015,2026-08-06 07:02,2026-08-08 08:19,shift
P0571,F033,LAND,2026-08-07 09:07,2026-08-09 10:13,shift
P0572,LAND,F019,2026-08-03 00:00,2026-08-05 10:06,shift
P0573,LAND,F038,2026-08-06 08:07,2026-08-07 09:31,shift
P0574,A02,F026,2026-08-07 07:20,2026-08-08 08:43,shift
P0575,LAND,F001,2026-08-09 06:53,2026-08-09 23:59,shift
P0576,F029,F021,2026-08-07 09:49,2026-08-09 09:54,shift
P0577,F001,LAND,2026-08-06 11:18,2026-08-07 12:42,shift
P0578,F003,F007,2026-08-08 09:19,2026-08-09 23:59,shift
P0579,F044,LAND,2026-08-03 09:32,2026-08-05 11:13,shift
P0580,LAND,F033,2026-08-08 07:26,2026-08-09 08:57,shift
P0581,F025,LAND,2026-08-04 16:56,2026-08-05 17:52,shift
P0582,LAND,F044,2026-08-06 06:21,2026-08-08 08:02,shift
P0583,LAND,F010,2026-08-03 08:32,2026-08-05 09:31,shift
P0584,LAND,F012,2026-08-07 07:14,2026-08-09 08:20,shift
P0585,F018,F026,2026-08-03 08:39,2026-08-05 08:43,shift
P0586,F001,LAND,2026-08-05 11:18,2026-08-08 12:42,shift
P0587,F024,LAND,2026-08-07 11:21,2026-08-08 12:21,shift
P0588,A03,F043,2026-08-03 10:17,2026-08-05 12:03,shift
P0589,F020,LAND,2026-08-03 00:00,2026-08-04 09:06,shift
P0590,F043,LAND,2026-08-03 12:13,2026-08-05 13:36,shift
P0591,F021,LAND,2026-08-03 00:00,2026-08-05 10:09,shift
P0592,F026,F033,2026-08-05 07:45,2026-08-09 07:55,temporary
P0593,F048,F039,2026-08-06 10:52,2026-08-09 11:02,shift
P0594,F035,LAND,2026-08-08 10:17,2026-08-09 23:59,shift
P0595,F015,LAND,2026-08-05 08:29,2026-08-08 09:15,shift
P0596,F029,LAND,2026-08-05 10:38,2026-08-06 11:37,shift
P0597,F021,LAND,2026-08-03 08:59,2026-08-04 10:09,shift
P0598,LAND,F017,2026-08-09 10:11,2026-08-09 23:59,shift
P0599,LAND,F033,2026-08-07 07:26,2026-08-09 23:59,shift
P0600,LAND,F028,2026-08-07 06:10,2026-08-08 07:49,shift
P0601,LAND,F043,2026-08-03 10:17,2026-08-06 12:03,shift
P0602,LAND,F001,2026-08-06 10:08,2026-08-08 11:08,shift
P0603,F037,F044,2026-08-09 09:04,2026-08-09 23:59,shift
P0604,F001,F016,2026-08-03 11:33,2026-08-04 11:46,shift
P0605,LAND,F015,2026-08-06 07:02,2026-08-07 08:19,shift
P0606,F003,A01,2026-08-06 08:09,2026-08-08 09:30,shift
P0607,LAND,F001,2026-08-08 06:53,2026-08-09 23:59,shift
P0608,F033,LAND,2026-08-05 08:58,2026-08-07 10:14,shift
P0609,F036,LAND,2026-08-09 16:40,2026-08-09 23:59,shift
P0610,LAND,F047,2026-08-05 09:18,2026-08-06 11:01,shift
P0611,A02,F023,2026-08-07 15:16,2026-08-08 16:41,shift
P0612,LAND,F020,2026-08-03 06:58,2026-08-04 07:57,shift
P0613,A01,F016,2026-08-06 14:07,2026-08-06 16:37,production
P0614,F015,F009,2026-08-07 10:34,2026-08-07 11:15,emergency
P0615,F023,LAND,2026-08-03 07:40,2026-08-05 09:13,shift
P0616,LAND,F032,2026-08-05 06:54,2026-08-06 08:31,shift
P0617,LAND,F042,2026-08-07 06:07,2026-08-09 08:10,shift
P0618,LAND,F032,2026-08-05 06:06,2026-08-05 09:37,production
P0619,A01,F012,2026-08-03 10:25,2026-08-06 11:31,shift
P0620,LAND,F026,2026-08-03 07:14,2026-08-06 08:24,shift
P0621,F004,LAND,2026-08-03 00:00,2026-08-05 10:16,shift
P0622,LAND,F005,2026-08-03 08:48,2026-08-04 09:40,shift
P0623,F003,F007,2026-08-08 09:19,2026-08-09 23:59,shift
P0624,F043,LAND,2026-08-03 12:13,2026-08-06 13:36,shift
P0625,F017,LAND,2026-08-08 11:03,2026-08-09 23:59,shift
P0626,F020,LAND,2026-08-03 08:07,2026-08-05 09:06,shift
P0627,F021,A02,2026-08-03 08:59,2026-08-04 10:09,shift
P0628,LAND,F008,2026-08-07 08:05,2026-08-09 23:59,shift
P0629,F022,A02,2026-08-04 09:07,2026-08-06 09:57,shift
P0630,F012,LAND,2026-08-08 08:30,2026-08-09 09:36,shift
P0631,LAND,F010,2026-08-08 09:58,2026-08-09 10:57,shift
P0632,LAND,F004,2026-08-06 07:55,2026-08-09 08:43,shift
P0633,F009,LAND,2026-08-07 10:24,2026-08-09 11:10,shift
P0634,LAND,F028,2026-08-07 06:10,2026-08-09 07:49,shift
P0635,A02,F020,2026-08-03 00:00,2026-08-04 07:57,shift
P0636,F011,LAND,2026-08-04 10:23,2026-08-04 13:09,production
P0637,A01,F015,2026-08-06 07:02,2026-08-08 08:19,shift
P0638,LAND,F042,2026-08-07 06:00,2026-08-07 08:59,production
P0639,F033,LAND,2026-08-08 09:07,2026-08-09 23:59,shift
P0640,F021,LAND,2026-08-06 09:41,2026-08-09 23:59,temporary
P0641,LAND,F012,2026-08-04 10:25,2026-08-05 11:31,shift
P0642,LAND,F010,2026-08-07 09:58,2026-08-09 10:57,shift
P0643,A03,F050,2026-08-05 07:11,2026-08-06 09:24,shift
P0644,LAND,F012,2026-08-07 07:14,2026-08-09 08:20,shift
P0645,F046,F047,2026-08-06 10:00,2026-08-07 10:05,shift
P0646,F051,LAND,2026-08-08 09:13,2026-08-09 23:59,shift
P0647,LAND,F016,2026-08-08 09:32,2026-08-09 23:59,shift
P0648,LAND,F013,2026-08-08 07:53,2026-08-09 23:59,shift
P0649,F047,LAND,2026-08-04 11:11,2026-08-06 12:54,shift
P0650,F013,F002,2026-08-06 08:45,2026-08-07 09:07,shift
P0651,F052,A03,2026-08-09 09:18,2026-08-09 12:16,production
P0652,LAND,F007,2026-08-07 07:30,2026-08-09 23:59,shift
P0653,F025,LAND,2026-08-07 07:43,2026-08-07 10:46,production
P0654,F028,LAND,2026-08-05 07:45,2026-08-06 09:05,shift
P0655,LAND,F038,2026-08-06 08:07,2026-08-07 09:31,shift
P0656,F026,LAND,2026-08-04 07:36,2026-08-04 10:35,production
P0657,LAND,F041,2026-08-04 07:40,2026-08-04 11:30,production
P0658,F052,F048,2026-08-08 10:34,2026-08-09 10:42,shift
P0659,LAND,F002,2026-08-05 07:29,2026-08-07 08:38,shift
P0660,A02,F033,2026-08-07 07:26,2026-08-09 23:59,shift
P0661,LAND,F030,2026-08-08 09:44,2026-08-09 23:59,shift
P0662,F018,F026,2026-08-03 08:39,2026-08-05 08:43,shift
P0663,F011,F015,2026-08-05 07:33,2026-08-08 07:41,shift
P0664,F025,LAND,2026-08-07 08:24,2026-08-09 09:20,shift
P0665,LAND,F035,2026-08-09 07:49,2026-08-09 11:11,production
P0666,F020,LAND,2026-08-09 08:49,2026-08-09 23:59,shift
P0667,F051,LAND,2026-08-05 10:57,2026-08-07 12:26,shift
P0668,F012,LAND,2026-08-04 11:41,2026-08-06 12:47,shift
P0669,F042,F040,2026-08-05 09:55,2026-08-07 10:04,shift
P0670,F010,F007,2026-08-05 07:53,2026-08-06 08:27,shift
P0671,F037,LAND,2026-08-03 11:40,2026-08-05 13:42,shift
P0672,LAND,F013,2026-08-08 07:53,2026-08-09 09:43,shift
P0673,A03,F045,2026-08-06 15:11,2026-08-09 17:05,shift
P0674,F034,LAND,2026-08-04 10:04,2026-08-07 11:25,shift
P0675,F019,F033,2026-08-03 00:00,2026-08-05 09:54,shift
P0676,F038,LAND,2026-08-05 09:51,2026-08-07 11:15,shift
P0677,LAND,F035,2026-08-09 08:40,2026-08-09 23:59,shift
P0678,F001,F016,2026-08-03 00:00,2026-08-05 11:46,shift
P0679,F007,LAND,2026-08-03 00:00,2026-08-05 09:29,shift
P0680,LAND,F002,2026-08-09 07:25,2026-08-09 23:59,shift
P0681,F038,F045,2026-08-03 00:00,2026-08-04 16:59,shift
P0682,LAND,F012,2026-08-03 10:25,2026-08-05 11:31,shift
P0683,F041,LAND,2026-08-07 11:11,2026-08-07 16:04,production
P0684,F002,LAND,2026-08-03 08:36,2026-08-04 10:04,shift
P0685,LAND,F007,2026-08-03 00:00,2026-08-04 08:05,temporary
P0686,F047,LAND,2026-08-04 11:11,2026-08-06 12:54,shift
P0687,LAND,F007,2026-08-03 06:07,2026-08-03 09:23,production
P0688,F051,F038,2026-08-07 09:23,2026-08-09 09:28,shift
P0689,LAND,F036,2026-08-03 00:00,2026-08-04 16:39,shift
P0690,F002,LAND,2026-08-06 08:48,2026-08-07 09:57,shift
P0691,F029,LAND,2026-08-07 10:34,2026-08-09 23:59,shift
P0692,F032,F025,2026-08-08 08:20,2026-08-09 23:59,shift
P0693,LAND,F023,2026-08-04 06:11,2026-08-04 07:52,emergency
P0694,F017,LAND,2026-08-08 11:03,2026-08-09 23:59,temporary
P0695,F020,LAND,2026-08-08 08:49,2026-08-09 23:59,shift
P0696,LAND,F025,2026-08-07 06:43,2026-08-09 08:14,shift
P0697,LAND,F026,2026-08-07 07:20,2026-08-09 08:43,shift
P0698,LAND,F008,2026-08-03 07:10,2026-08-05 08:27,shift
P0699,F001,LAND,2026-08-04 11:18,2026-08-08 12:42,temporary
P0700,LAND,F028,2026-08-04 06:15,2026-08-06 07:35,shift
P0701,F011,F015,2026-08-06 07:33,2026-08-08 07:41,shift
P0702,F004,F007,2026-08-04 08:10,2026-08-05 08:22,shift
P0703,LAND,F018,2026-08-06 08:39,2026-08-06 11:02,production
P0704,LAND,F044,2026-08-06 06:21,2026-08-09 08:02,shift
P0705,F003,F008,2026-08-04 09:12,2026-08-04 11:23,production
P0706,F026,LAND,2026-08-04 08:34,2026-08-05 09:44,shift
P0707,LAND,F011,2026-08-03 09:43,2026-08-05 10:38,shift
P0708,F005,F017,2026-08-04 08:24,2026-08-06 09:00,shift
P0709,A03,F036,2026-08-08 15:17,2026-08-09 23:59,shift
P0710,F026,F033,2026-08-06 06:55,2026-08-06 09:06,production
P0711,F023,LAND,2026-08-03 00:00,2026-08-06 09:13,temporary
P0712,F049,LAND,2026-08-05 07:34,2026-08-05 10:33,production
P0713,F022,LAND,2026-08-05 09:41,2026-08-07 10:47,shift
P0714,LAND,F039,2026-08-03 00:00,2026-08-04 08:30,shift
P0715,LAND,F003,2026-08-06 07:12,2026-08-09 07:59,shift
P0716,F047,LAND,2026-08-08 11:50,2026-08-09 13:33,shift
P0717,F006,LAND,2026-08-03 00:00,2026-08-04 12:02,shift
P0718,LAND,F006,2026-08-03 09:32,2026-08-04 10:37,shift
P0719,F023,LAND,2026-08-07 16:51,2026-08-08 18:16,shift
P0720,F010,LAND,2026-08-08 11:07,2026-08-09 12:35,shift
P0721,LAND,F038,2026-08-03 00:00,2026-08-05 07:59,shift
P0722,F013,LAND,2026-08-07 09:53,2026-08-09 23:59,shift
P0723,F027,LAND,2026-08-03 09:06,2026-08-06 10:09,shift
P0724,F020,LAND,2026-08-05 08:05,2026-08-07 08:56,shift
P0725,F018,LAND,2026-08-03 09:08,2026-08-04 10:00,shift
P0726,F040,LAND,2026-08-05 12:05,2026-08-09 14:47,temporary
P0727,F002,LAND,2026-08-06 08:48,2026-08-07 09:57,shift
P0728,LAND,F044,2026-08-07 06:00,2026-08-07 09:21,production
P0729,A02,F024,2026-08-03 09:30,2026-08-06 10:30,shift
P0730,F043,LAND,2026-08-07 08:56,2026-08-09 10:19,shift
P0731,LAND,F024,2026-08-07 10:01,2026-08-09 11:01,shift
P0732,F030,F026,2026-08-07 16:11,2026-08-09 23:59,shift
P0733,F039,F048,2026-08-08 07:36,2026-08-09 23:59,shift
P0734,F013,LAND,2026-08-07 09:53,2026-08-09 11:22,shift
P0735,LAND,F003,2026-08-03 07:39,2026-08-05 08:26,shift
P0736,F014,LAND,2026-08-08 09:49,2026-08-09 23:59,shift
P0737,F017,F014,2026-08-07 08:42,2026-08-08 08:54,shift
P0738,LAND,F032,2026-08-03 00:00,2026-08-07 08:31,temporary
P0739,F021,F027,2026-08-03 00:00,2026-08-04 08:06,shift
P0740,F003,F007,2026-08-09 09:19,2026-08-09 23:59,shift
P0741,LAND,F045,2026-08-07 15:11,2026-08-08 17:05,shift
P0742,F001,LAND,2026-08-06 11:18,2026-08-08 12:42,shift
P0743,LAND,F034,2026-08-05 08:12,2026-08-07 09:54,shift
P0744,LAND,F033,2026-08-08 06:28,2026-08-08 10:03,production
P0745,F007,LAND,2026-08-07 09:01,2026-08-09 23:59,shift
P0746,LAND,F027,2026-08-06 15:07,2026-08-09 16:10,shift
P0747,LAND,F007,2026-08-03 00:00,2026-08-05 08:05,shift
P0748,F043,A03,2026-08-07 08:56,2026-08-09 10:19,shift
P0749,F027,F021,2026-08-07 07:19,2026-08-08 07:52,shift
P0750,LAND,F022,2026-08-04 07:37,2026-08-05 08:57,shift
P0751,LAND,F027,2026-08-03 07:53,2026-08-05 08:56,shift
P0752,F027,LAND,2026-08-04 09:06,2026-08-06 10:09,shift
P0753,F003,F007,2026-08-08 09:19,2026-08-09 23:59,shift
P0754,F036,LAND,2026-08-09 16:40,2026-08-09 23:59,shift
P0755,LAND,F035,2026-08-08 08:40,2026-08-09 23:59,shift
P0756,F032,LAND,2026-08-05 08:10,2026-08-05 11:10,production
P0757,LAND,F018,2026-08-06 09:13,2026-08-07 10:12,shift
P0758,F038,LAND,2026-08-05 09:51,2026-08-08 11:15,shift
P0759,F025,LAND,2026-08-04 16:56,2026-08-06 17:52,shift
P0760,F004,F007,2026-08-03 08:10,2026-08-06 08:22,shift
P0761,A02,F033,2026-08-07 07:26,2026-08-09 23:59,shift
P0762,F007,LAND,2026-08-07 09:01,2026-08-09 23:59,temporary
P0763,F051,A03,2026-08-04 10:57,2026-08-07 12:26,shift
P0764,F043,F051,2026-08-05 10:17,2026-08-07 10:29,shift
P0765,F015,F009,2026-08-05 10:47,2026-08-09 10:58,temporary
P0766,F049,LAND,2026-08-04 08:33,2026-08-06 09:40,shift
P0767,LAND,F027,2026-08-04 07:53,2026-08-06 08:56,shift
P0768,LAND,F044,2026-08-03 07:31,2026-08-05 09:12,shift
P0769,F020,LAND,2026-08-03 08:07,2026-08-04 09:06,shift
P0770,F044,F037,2026-08-05 12:07,2026-08-07 12:20,shift
P0771,F018,LAND,2026-08-05 10:32,2026-08-07 11:31,shift
P0772,F050,F043,2026-08-08 09:47,2026-08-09 23:59,shift
P0773,LAND,F052,2026-08-09 08:03,2026-08-09 23:59,shift
P0774,F025,LAND,2026-08-03 16:56,2026-08-06 17:52,shift
P0775,F003,A01,2026-08-07 07:32,2026-08-07 10:57,production
P0776,LAND,F045,2026-08-03 08:54,2026-08-06 10:48,shift
P0777,F039,F048,2026-08-09 07:36,2026-08-09 23:59,shift
P0778,LAND,F043,2026-08-04 10:17,2026-08-06 12:03,shift
P0779,F008,LAND,2026-08-07 09:32,2026-08-09 10:49,shift
P0780,F014,LAND,2026-08-09 09:49,2026-08-09 23:59,shift
P0781,A03,F045,2026-08-07 15:11,2026-08-08 17:05,shift
P0782,LAND,F022,2026-08-09 08:59,2026-08-09 23:59,shift
P0783,F041,F045,2026-08-04 10:20,2026-08-06 10:27,shift
P0784,F049,F048,2026-08-08 07:52,2026-08-09 23:59,shift
P0785,LAND,F013,2026-08-08 07:53,2026-08-09 23:59,shift
P0786,A01,F007,2026-08-03 00:00,2026-08-05 08:05,shift
P0787,F048,LAND,2026-08-08 10:31,2026-08-09 23:59,shift
P0788,LAND,F047,2026-08-08 09:26,2026-08-08 12:38,production
P0789,F002,LAND,2026-08-06 08:48,2026-08-08 09:57,shift
P0790,F014,LAND,2026-08-04 08:17,2026-08-06 09:09,shift
P0791,F021,LAND,2026-08-08 09:41,2026-08-09 23:59,shift
P0792,LAND,F018,2026-08-03 00:00,2026-08-05 08:48,shift
P0793,LAND,F052,2026-08-05 08:58,2026-08-07 11:09,shift
P0794,LAND,F041,2026-08-04 07:55,2026-08-04 11:44,production
P0795,F046,F047,2026-08-06 10:00,2026-08-08 10:05,shift
P0796,LAND,F001,2026-08-06 10:08,2026-08-07 11:08,shift
P0797,LAND,F051,2026-08-03 00:00,2026-08-08 10:47,temporary
P0798,F013,F002,2026-08-05 08:45,2026-08-08 09:07,shift
P0799,A02,F034,2026-08-08 06:13,2026-08-09 23:59,shift
P0800,LAND,F022,2026-08-06 07:47,2026-08-06 11:00,production
P0801,LAND,F045,2026-08-06 15:11,2026-08-09 17:05,shift
P0802,F044,F037,2026-08-05 12:07,2026-08-08 12:20,shift
P0803,F034,A02,2026-08-08 08:05,2026-08-09 09:26,shift
P0804,F006,LAND,2026-08-07 08:35,2026-08-09 09:50,shift
P0805,LAND,F045,2026-08-04 08:54,2026-08-06 10:48,shift
P0806,F003,F008,2026-08-04 10:06,2026-08-05 10:17,shift
P0807,F006,LAND,2026-08-05 08:35,2026-08-09 09:50,temporary
P0808,A02,F034,2026-08-04 08:12,2026-08-07 09:54,shift
P0809,LAND,F027,2026-08-04 07:53,2026-08-06 08:56,shift
P0810,F024,A02,2026-08-03 10:50,2026-08-06 11:50,shift
P0811,F020,LAND,2026-08-06 08:05,2026-08-08 08:56,shift
P0812,A01,F007,2026-08-03 00:00,2026-08-04 08:05,shift
P0813,F048,LAND,2026-08-08 10:31,2026-08-09 11:52,shift
P0814,F049,LAND,2026-08-05 08:33,2026-08-07 09:40,shift
P0815,F029,LAND,2026-08-05 10:38,2026-08-07 11:37,shift
P0816,F043,F051,2026-08-05 10:17,2026-08-06 10:29,shift
P0817,F010,LAND,2026-08-08 10:31,2026-08-08 13:33,production
P0818,LAND,F008,2026-08-04 07:10,2026-08-05 08:27,shift
P0819,F020,LAND,2026-08-09 08:49,2026-08-09 23:59,shift
P0820,LAND,F038,2026-08-03 06:47,2026-08-05 07:59,shift
P0821,LAND,F008,2026-08-04 07:10,2026-08-05 08:27,shift
P0822,LAND,F044,2026-08-07 06:21,2026-08-08 08:02,shift
P0823,LAND,F011,2026-08-03 09:43,2026-08-05 10:38,temporary
P0824,F049,LAND,2026-08-08 10:57,2026-08-08 14:21,production
P0825,F041,LAND,2026-08-07 12:10,2026-08-09 14:55,shift
P0826,LAND,F045,2026-08-06 15:11,2026-08-09 17:05,shift
P0827,F046,F047,2026-08-05 10:00,2026-08-08 10:05,shift
P0828,LAND,F033,2026-08-04 07:32,2026-08-06 08:48,shift
P0829,LAND,F045,2026-08-03 08:54,2026-08-06 10:48,shift
P0830,F036,A03,2026-08-05 11:57,2026-08-08 13:00,shift
P0831,LAND,F045,2026-08-06 15:11,2026-08-09 17:05,temporary
P0832,F007,LAND,2026-08-03 00:00,2026-08-04 09:29,shift
P0833,LAND,F052,2026-08-08 08:03,2026-08-09 23:59,shift
P0834,LAND,F046,2026-08-04 08:48,2026-08-06 10:31,shift
P0835,LAND,F010,2026-08-03 08:32,2026-08-06 09:31,temporary
P0836,F047,F049,2026-08-07 17:06,2026-08-08 17:12,shift
P0837,F036,LAND,2026-08-06 11:57,2026-08-07 13:00,shift
P0838,A03,F044,2026-08-04 07:31,2026-08-05 09:12,shift
P0839,F021,F027,2026-08-03 00:00,2026-08-05 08:06,shift
P0840,F047,F049,2026-08-06 17:06,2026-08-08 17:12,shift
P0841,F007,F002,2026-08-04 10:22,2026-08-07 10:31,shift
P0842,F020,LAND,2026-08-05 08:05,2026-08-07 08:56,shift
P0843,LAND,F049,2026-08-07 09:40,2026-08-09 11:35,shift
P0844,F022,LAND,2026-08-04 09:41,2026-08-07 10:47,temporary
P0845,LAND,F031,2026-08-04 10:12,2026-08-06 11:18,shift
P0846,F019,LAND,2026-08-06 16:23,2026-08-08 17:52,shift
P0847,F011,F015,2026-08-05 07:33,2026-08-07 07:41,shift
P0848,A03,F043,2026-08-07 07:00,2026-08-09 08:46,shift
P0849,LAND,F014,2026-08-09 07:20,2026-08-09 10:43,production
P0850,F022,F033,2026-08-04 09:47,2026-08-06 09:55,shift
P0851,LAND,F007,2026-08-03 00:00,2026-08-05 08:05,shift
P0852,F021,F027,2026-08-03 07:31,2026-08-04 08:06,shift
P0853,F041,LAND,2026-08-04 10:52,2026-08-06 13:37,shift
P0854,F038,LAND,2026-08-05 09:51,2026-08-09 11:15,temporary
P0855,LAND,F039,2026-08-03 07:19,2026-08-04 08:30,shift
P0856,A03,F051,2026-08-04 08:57,2026-08-07 10:47,shift
P0857,LAND,F027,2026-08-07 15:07,2026-08-08 16:10,shift
P0858,F040,LAND,2026-08-07 12:05,2026-08-09 14:47,shift
P0859,F045,A03,2026-08-06 17:15,2026-08-09 18:38,shift
P0860,LAND,F009,2026-08-05 09:28,2026-08-09 23:59,temporary
P0861,F042,F040,2026-08-04 09:55,2026-08-07 10:04,shift
P0862,LAND,F021,2026-08-06 07:44,2026-08-08 08:54,shift
P0863,LAND,F006,2026-08-06 07:00,2026-08-08 08:15,shift
P0864,F027,LAND,2026-08-03 09:06,2026-08-05 10:09,shift
P0865,A03,F050,2026-08-08 09:33,2026-08-09 23:59,shift
P0866,F001,LAND,2026-08-08 08:03,2026-08-09 23:59,shift
P0867,F004,F007,2026-08-03 08:10,2026-08-05 08:22,shift
P0868,A03,F040,2026-08-06 09:13,2026-08-08 11:55,shift
P0869,LAND,F049,2026-08-05 06:41,2026-08-06 08:23,shift
P0870,LAND,F013,2026-08-07 07:53,2026-08-09 23:59,shift
P0871,F004,F007,2026-08-03 08:10,2026-08-06 08:22,shift
P0872,LAND,F036,2026-08-09 15:17,2026-08-09 23:59,shift
P0873,F028,F018,2026-08-06 10:44,2026-08-09 11:02,shift
P0874,F046,LAND,2026-08-08 10:30,2026-08-08 13:46,production
P0875,F031,F021,2026-08-09 11:14,2026-08-09 23:59,shift
P0876,F051,F038,2026-08-08 09:23,2026-08-09 09:28,shift
P0877,F033,A02,2026-08-04 08:58,2026-08-07 10:14,shift
P0878,F010,F007,2026-08-04 07:53,2026-08-06 08:27,shift
P0879,LAND,F005,2026-08-03 08:48,2026-08-04 09:40,shift
P0880,LAND,F040,2026-08-03 06:00,2026-08-03 08:56,production
P0881,F023,LAND,2026-08-07 16:15,2026-08-07 19:43,production
P0882,F016,LAND,2026-08-06 16:00,2026-08-07 17:13,shift
P0883,F034,LAND,2026-08-05 10:04,2026-08-06 11:25,shift
P0884,F041,LAND,2026-08-03 10:52,2026-08-05 13:37,shift
P0885,F004,F007,2026-08-03 08:10,2026-08-05 08:22,shift
P0886,F020,F019,2026-08-03 00:00,2026-08-05 10:58,shift
P0887,F010,LAND,2026-08-04 09:41,2026-08-06 11:09,shift
P0888,LAND,F036,2026-08-05 10:09,2026-08-08 11:47,shift
P0889,LAND,F036,2026-08-03 00:00,2026-08-04 16:39,shift
P0890,F003,F007,2026-08-09 08:35,2026-08-09 10:52,production
P0891,F002,LAND,2026-08-08 08:44,2026-08-09 23:59,shift
P0892,F049,LAND,2026-08-08 11:45,2026-08-09 23:59,shift
P0893,LAND,F007,2026-08-03 06:51,2026-08-04 08:05,shift
P0894,LAND,F045,2026-08-07 14:23,2026-08-07 17:55,production
P0895,F003,F007,2026-08-08 09:19,2026-08-09 23:59,shift
P0896,LAND,F034,2026-08-04 08:12,2026-08-06 09:54,shift
P0897,A02,F027,2026-08-06 15:07,2026-08-09 16:10,shift
P0898,F046,F047,2026-08-06 10:00,2026-08-08 10:05,shift
P0899,F005,LAND,2026-08-06 10:12,2026-08-08 11:04,shift
P0900,F002,LAND,2026-08-06 08:48,2026-08-08 09:57,shift
P0901,F017,LAND,2026-08-06 10:31,2026-08-08 11:13,shift
P0902,F015,F009,2026-08-06 10:47,2026-08-08 10:58,shift
P0903,F001,F016,2026-08-03 10:38,2026-08-03 12:54,production
P0904,LAND,F051,2026-08-08 07:26,2026-08-09 23:59,shift
P0905,F045,F048,2026-08-05 08:40,2026-08-08 09:14,shift
P0906,F016,A01,2026-08-08 10:32,2026-08-09 23:59,shift
P0907,F012,F015,2026-08-06 10:21,2026-08-08 10:30,shift
P0908,LAND,F004,2026-08-06 07:55,2026-08-08 08:43,shift
P0909,LAND,F022,2026-08-09 08:59,2026-08-09 23:59,shift
P0910,F034,LAND,2026-08-05 09:15,2026-08-05 12:46,production
P0911,LAND,F037,2026-08-05 06:53,2026-08-07 08:55,temporary
P0912,LAND,F013,2026-08-07 07:53,2026-08-09 09:43,shift
P0913,F045,LAND,2026-08-07 17:15,2026-08-09 18:38,shift
P0914,F042,LAND,2026-08-04 12:01,2026-08-05 14:50,shift
P0915,F040,LAND,2026-08-03 07:13,2026-08-03 11:08,production
P0916,LAND,F050,2026-08-05 07:11,2026-08-06 09:24,shift
P0917,F019,A02,2026-08-03 10:16,2026-08-04 11:45,shift
P0918,A01,F001,2026-08-03 00:00,2026-08-04 07:43,shift
P0919,F012,LAND,2026-08-04 10:54,2026-08-04 13:57,production
P0920,F043,F051,2026-08-04 10:17,2026-08-06 10:29,shift
P0921,LAND,F036,2026-08-05 10:09,2026-08-08 11:47,shift
P0922,F030,LAND,2026-08-08 10:44,2026-08-09 11:34,shift
P0923,LAND,F011,2026-08-05 06:36,2026-08-09 07:31,temporary
P0924,F002,LAND,2026-08-08 08:44,2026-08-09 23:59,shift
P0925,LAND,F003,2026-08-07 06:16,2026-08-07 09:20,production
P0926,LAND,F026,2026-08-03 07:14,2026-08-07 08:24,temporary
P0927,F003,F007,2026-08-08 09:19,2026-08-09 23:59,shift
P0928,F031,LAND,2026-08-03 11:38,2026-08-06 12:44,temporary
P0929,F031,A02,2026-08-05 11:38,2026-08-07 12:44,shift
P0930,F020,LAND,2026-08-03 08:07,2026-08-04 09:06,shift
P0931,F032,F025,2026-08-09 08:20,2026-08-09 23:59,shift
P0932,F049,LAND,2026-08-07 11:45,2026-08-09 23:59,shift
P0933,LAND,F049,2026-08-04 06:41,2026-08-07 08:23,shift
P0934,F042,F040,2026-08-04 09:55,2026-08-06 10:04,shift
P0935,F033,LAND,2026-08-05 08:58,2026-08-06 10:14,shift
P0936,F033,LAND,2026-08-05 08:58,2026-08-07 10:14,shift
P0937,F036,F046,2026-08-03 00:00,2026-08-04 08:10,shift
P0938,F031,LAND,2026-08-04 11:38,2026-08-07 12:44,shift
P0939,F005,LAND,2026-08-03 09:50,2026-08-04 10:42,shift
P0940,F041,F045,2026-08-03 10:20,2026-08-06 10:27,shift
P0941,F032,F025,2026-08-06 08:20,2026-08-09 23:59,temporary
P0942,F020,LAND,2026-08-06 08:05,2026-08-08 08:56,shift
P0943,F026,F033,2026-08-05 07:45,2026-08-08 07:55,shift
P0944,F042,A03,2026-08-03 12:01,2026-08-06 14:50,shift
P0945,F012,F015,2026-08-05 10:21,2026-08-07 10:30,shift
P0946,LAND,F019,2026-08-05 15:14,2026-08-08 16:13,shift
P0947,F012,F015,2026-08-06 10:21,2026-08-07 10:30,shift
P0948,LAND,F045,2026-08-03 08:54,2026-08-05 10:48,shift
P0949,F008,LAND,2026-08-03 08:37,2026-08-06 09:54,shift
P0950,LAND,F016,2026-08-08 09:32,2026-08-09 23:59,shift
P0951,F044,LAND,2026-08-03 09:32,2026-08-06 11:13,shift
P0952,LAND,F049,2026-08-05 06:41,2026-08-07 08:23,shift
P0953,LAND,F028,2026-08-07 06:10,2026-08-09 07:49,shift
P0954,F029,LAND,2026-08-04 10:38,2026-08-07 11:37,shift
P0955,LAND,F033,2026-08-08 07:26,2026-08-09 23:59,shift
P0956,F051,LAND,2026-08-09 09:13,2026-08-09 23:59,shift
P0957,A02,F019,2026-08-03 09:07,2026-08-05 10:06,shift
P0958,F027,LAND,2026-08-04 09:06,2026-08-06 10:09,shift
P0959,F014,LAND,2026-08-09 09:18,2026-08-09 11:30,production
P0960,F027,LAND,2026-08-07 16:20,2026-08-08 17:23,shift
P0961,F046,F047,2026-08-05 10:00,2026-08-08 10:05,shift
P0962,LAND,F029,2026-08-04 09:03,2026-08-07 10:28,shift
P0963,F040,F041,2026-08-04 08:40,2026-08-05 09:19,shift
P0964,F024,A02,2026-08-03 10:50,2026-08-05 11:50,shift
P0965,LAND,F043,2026-08-04 10:17,2026-08-05 12:03,shift
P0966,F013,F002,2026-08-05 08:45,2026-08-08 09:07,shift
P0967,F051,F038,2026-08-07 09:23,2026-08-09 09:28,shift
P0968,F038,LAND,2026-08-06 08:56,2026-08-06 12:28,production
P0969,LAND,F015,2026-08-06 07:02,2026-08-07 08:19,shift
P0970,F047,F049,2026-08-06 17:06,2026-08-09 17:12,shift
P0971,F023,LAND,2026-08-07 16:51,2026-08-09 18:16,shift
P0972,F009,LAND,2026-08-03 08:43,2026-08-06 10:01,shift
P0973,F052,LAND,2026-08-05 11:19,2026-08-08 13:10,shift
P0974,F006,F007,2026-08-04 09:19,2026-08-07 09:23,shift
P0975,LAND,F021,2026-08-09 08:21,2026-08-09 23:59,shift
P0976,F050,LAND,2026-08-08 12:50,2026-08-09 23:59,shift
P0977,F012,LAND,2026-08-07 08:30,2026-08-09 23:59,shift
P0978,LAND,F005,2026-08-06 09:10,2026-08-09 10:02,shift
P0979,F031,A02,2026-08-08 11:40,2026-08-09 12:46,shift
P0980,LAND,F037,2026-08-03 00:00,2026-08-05 11:30,shift
P0981,F036,F046,2026-08-03 07:08,2026-08-03 09:16,production
P0982,F009,LAND,2026-08-03 08:43,2026-08-06 10:01,shift
P0983,F045,LAND,2026-08-04 10:58,2026-08-05 12:21,shift
P0984,F048,F039,2026-08-07 10:52,2026-08-09 11:02,shift
P0985,LAND,F050,2026-08-05 07:11,2026-08-06 09:24,shift
P0986,LAND,F021,2026-08-09 08:21,2026-08-09 23:59,shift
P0987,LAND,F029,2026-08-07 09:07,2026-08-09 23:59,shift
P0988,F037,F040,2026-08-03 12:15,2026-08-05 12:23,shift
P0989,F027,LAND,2026-08-03 09:06,2026-08-05 10:09,shift
P0990,F040,F041,2026-08-04 08:40,2026-08-06 09:19,shift
P0991,F027,LAND,2026-08-07 16:20,2026-08-08 17:23,shift
P0992,LAND,F022,2026-08-04 07:37,2026-08-05 08:57,shift
P0993,A03,F038,2026-08-06 08:07,2026-08-08 09:31,shift
P0994,LAND,F049,2026-08-07 09:40,2026-08-09 11:35,shift
P0995,LAND,F024,2026-08-07 10:01,2026-08-08 11:01,shift
P0996,F050,LAND,2026-08-09 12:50,2026-08-09 23:59,shift
P0997,LAND,F051,2026-08-08 07:26,2026-08-09 23:59,shift
P0998,LAND,F015,2026-08-05 07:02,2026-08-07 08:19,shift
P0999,F051,LAND,2026-08-04 10:57,2026-08-07 12:26,shift
P1000,LAND,F012,2026-08-07 07:14,2026-08-09 23:59,shift
P1001,F027,A02,2026-08-07 16:20,2026-08-08 17:23,shift
P1002,F025,LAND,2026-08-04 16:56,2026-08-06 17:52,shift
P1003,F010,LAND,2026-08-03 09:41,2026-08-06 11:09,shift
P1004,LAND,F040,2026-08-06 09:13,2026-08-09 11:55,shift
P1005,LAND,F018,2026-08-08 09:11,2026-08-09 23:59,shift
P1006,A01,F005,2026-08-06 09:10,2026-08-09 10:02,shift
P1007,LAND,F030,2026-08-05 09:40,2026-08-07 10:30,shift
P1008,F026,LAND,2026-08-03 08:34,2026-08-07 09:44,temporary
P1009,LAND,F037,2026-08-03 00:00,2026-08-05 11:30,shift
P1010,F010,F007,2026-08-05 07:53,2026-08-07 08:27,shift
P1011,LAND,F008,2026-08-07 08:05,2026-08-09 09:22,shift
P1012,F036,A03,2026-08-06 11:57,2026-08-08 13:00,shift
P1013,F038,F039,2026-08-09 10:20,2026-08-09 23:59,shift
P1014,F027,LAND,2026-08-07 16:20,2026-08-09 17:23,shift
P1015,F019,F033,2026-08-03 09:47,2026-08-05 09:54,shift
P1016,LAND,F045,2026-08-03 08:54,2026-08-05 10:48,shift
P1017,F007,LAND,2026-08-03 00:00,2026-08-04 09:29,shift
P1018,LAND,F021,2026-08-03 00:00,2026-08-04 08:49,shift
P1019,F016,F005,2026-08-06 11:22,2026-08-09 11:29,shift
P1020,F050,LAND,2026-08-09 12:50,2026-08-09 23:59,shift
P1021,F052,F048,2026-08-08 09:38,2026-08-08 12:11,production
P1022,LAND,F002,2026-08-06 07:29,2026-08-07 08:38,shift
P1023,F024,F027,2026-08-05 16:19,2026-08-06 16:24,shift
P1024,F010,LAND,2026-08-08 11:07,2026-08-09 23:59,shift
P1025,LAND,F045,2026-08-03 08:54,2026-08-05 10:48,shift
P1026,F011,LAND,2026-08-07 07:51,2026-08-09 08:46,shift
P1027,F014,LAND,2026-08-04 08:17,2026-08-07 09:09,shift
P1028,F047,F049,2026-08-06 17:06,2026-08-09 17:12,shift
P1029,F001,LAND,2026-08-08 08:03,2026-08-09 23:59,shift
P1030,F002,F004,2026-08-04 08:15,2026-08-06 08:56,shift
P1031,LAND,F023,2026-08-04 06:17,2026-08-06 07:30,shift
P1032,F036,LAND,2026-08-05 11:57,2026-08-08 13:00,shift
P1033,F026,F033,2026-08-05 07:45,2026-08-07 07:55,shift
P1034,F005,F017,2026-08-04 08:24,2026-08-07 09:00,shift
P1035,A03,F052,2026-08-08 08:03,2026-08-09 23:59,shift
P1036,LAND,F001,2026-08-06 10:08,2026-08-07 11:08,shift
P1037,F038,F039,2026-08-08 10:20,2026-08-09 23:59,shift
P1038,F036,LAND,2026-08-05 11:57,2026-08-08 13:00,shift
P1039,F028,F018,2026-08-07 10:44,2026-08-09 11:02,shift
P1040,F049,LAND,2026-08-07 11:45,2026-08-09 23:59,shift
P1041,F041,F045,2026-08-04 10:20,2026-08-05 10:27,shift
P1042,A03,F037,2026-08-05 06:53,2026-08-08 08:55,shift
P1043,F041,F045,2026-08-03 10:20,2026-08-06 10:27,shift
P1044,F007,LAND,2026-08-07 09:01,2026-08-09 23:59,shift
P1045,F052,LAND,2026-08-09 09:23,2026-08-09 12:09,production
P1046,F011,LAND,2026-08-03 10:58,2026-08-06 11:53,shift
P1047,F007,A01,2026-08-03 08:15,2026-08-04 09:29,shift
P1048,LAND,F027,2026-08-03 07:53,2026-08-05 08:56,shift
P1049,LAND,F035,2026-08-05 08:06,2026-08-07 09:33,shift
P1050,LAND,F043,2026-08-06 07:00,2026-08-08 08:46,shift
P1051,F009,LAND,2026-08-04 08:43,2026-08-06 10:01,shift
P1052,LAND,F004,2026-08-03 00:00,2026-08-05 09:12,shift
P1053,F013,LAND,2026-08-07 09:53,2026-08-09 23:59,shift
P1054,F027,LAND,2026-08-07 16:20,2026-08-08 17:23,shift
P1055,F036,F049,2026-08-09 11:11,2026-08-09 13:26,production
P1056,LAND,F034,2026-08-04 08:12,2026-08-06 09:54,shift
P1057,F009,F003,2026-08-05 10:17,2026-08-05 12:26,production
P1058,F023,A02,2026-08-04 07:40,2026-08-06 09:13,shift
P1059,F030,LAND,2026-08-07 10:44,2026-08-09 11:34,shift
P1060,F006,LAND,2026-08-07 08:35,2026-08-09 09:50,shift
P1061,F001,LAND,2026-08-09 08:03,2026-08-09 23:59,shift
P1062,F004,F007,2026-08-04 07:15,2026-08-04 09:21,production
P1063,A03,F047,2026-08-08 09:57,2026-08-09 11:40,shift
P1064,F021,LAND,2026-08-09 09:41,2026-08-09 23:59,shift
P1065,F017,LAND,2026-08-08 11:03,2026-08-09 23:59,shift
P1066,F003,F007,2026-08-08 09:19,2026-08-09 23:59,shift
P1067,F016,F005,2026-08-06 11:22,2026-08-09 11:29,shift
P1068,LAND,F024,2026-08-04 09:30,2026-08-06 10:30,shift
P1069,F021,LAND,2026-08-03 08:59,2026-08-04 10:09,shift
P1070,F024,F027,2026-08-05 16:19,2026-08-06 16:24,shift
P1071,LAND,F026,2026-08-04 07:14,2026-08-05 08:24,shift
P1072,F014,F017,2026-08-07 09:23,2026-08-09 10:07,shift
P1073,LAND,F047,2026-08-04 09:18,2026-08-07 11:01,shift
P1074,F021,LAND,2026-08-03 00:00,2026-08-05 10:09,shift
P1075,LAND,F007,2026-08-03 06:51,2026-08-04 08:05,shift
P1076,LAND,F023,2026-08-06 15:16,2026-08-09 16:41,shift
P1077,LAND,F029,2026-08-03 09:03,2026-08-07 10:28,temporary
P1078,LAND,F005,2026-08-03 00:00,2026-08-04 09:40,shift
P1079,A01,F017,2026-08-06 09:39,2026-08-08 10:21,shift
P1080,LAND,F015,2026-08-09 08:07,2026-08-09 11:20,production
P1081,LAND,F051,2026-08-04 08:57,2026-08-07 10:47,shift
P1082,LAND,F046,2026-08-05 08:48,2026-08-07 10:31,shift
P1083,F016,F005,2026-08-07 11:22,2026-08-09 11:29,shift
P1084,F029,LAND,2026-08-08 10:34,2026-08-09 23:59,shift
P1085,LAND,F009,2026-08-08 08:30,2026-08-08 11:17,production
P1086,LAND,F030,2026-08-07 09:44,2026-08-09 10:34,shift
P1087,A03,F036,2026-08-08 15:17,2026-08-09 23:59,shift
P1088,F005,LAND,2026-08-06 10:12,2026-08-08 11:04,shift
P1089,F015,LAND,2026-08-08 10:20,2026-08-09 23:59,shift
P1090,F023,F032,2026-08-04 11:47,2026-08-06 11:51,shift
P1091,F022,LAND,2026-08-06 09:41,2026-08-08 10:47,shift
P1092,LAND,F047,2026-08-05 09:18,2026-08-07 11:01,shift
P1093,F035,A02,2026-08-05 09:43,2026-08-08 11:10,shift
P1094,F048,F039,2026-08-07 10:52,2026-08-08 11:02,shift
P1095,LAND,F014,2026-08-08 08:19,2026-08-09 23:59,shift
P1096,F010,F007,2026-08-04 07:53,2026-08-07 08:27,shift
P1097,F020,LAND,2026-08-03 08:07,2026-08-05 09:06,shift
P1098,F009,F003,2026-08-04 10:54,2026-08-06 11:38,shift
P1099,LAND,F019,2026-08-03 00:00,2026-08-04 10:06,shift
P1100,LAND,F001,2026-08-03 06:14,2026-08-03 08:07,emergency
P1101,LAND,F019,2026-08-06 15:14,2026-08-07 16:13,shift
P1102,F009,F003,2026-08-03 10:54,2026-08-08 11:38,temporary
P1103,LAND,F044,2026-08-06 06:21,2026-08-08 08:02,shift
P1104,F011,A01,2026-08-07 07:51,2026-08-09 08:46,shift
P1105,F024,F027,2026-08-04 16:19,2026-08-07 16:24,shift
P1106,F043,F051,2026-08-05 10:17,2026-08-07 10:29,shift
P1107,F038,LAND,2026-08-05 09:51,2026-08-07 11:15,shift
P1108,LAND,F003,2026-08-06 07:12,2026-08-09 07:59,shift
P1109,LAND,F049,2026-08-05 06:00,2026-08-05 09:42,production
P1110,F031,LAND,2026-08-04 11:38,2026-08-06 12:44,shift
P1111,F030,LAND,2026-08-07 10:44,2026-08-09 23:59,shift
P1112,LAND,F023,2026-08-07 15:16,2026-08-08 16:41,shift
P1113,LAND,F028,2026-08-04 06:15,2026-08-06 07:35,shift
P1114,LAND,F016,2026-08-08 09:32,2026-08-09 23:59,shift
P1115,F052,F048,2026-08-07 10:34,2026-08-09 10:42,shift
P1116,F003,F008,2026-08-03 10:06,2026-08-06 10:17,shift
P1117,F023,F032,2026-08-04 11:47,2026-08-06 11:51,shift
P1118,LAND,F007,2026-08-03 06:51,2026-08-04 08:05,shift
P1119,LAND,F020,2026-08-08 07:48,2026-08-09 23:59,shift
P1120,LAND,F020,2026-08-03 00:00,2026-08-04 07:57,shift
P1121,F015,F009,2026-08-04 10:47,2026-08-09 23:59,temporary
P1122,LAND,F036,2026-08-05 10:09,2026-08-07 11:47,shift
P1123,F001,LAND,2026-08-08 08:03,2026-08-09 23:59,shift
P1124,LAND,F035,2026-08-08 08:40,2026-08-09 23:59,shift
P1125,F044,LAND,2026-08-07 07:40,2026-08-07 11:28,production
P1126,F050,A03,2026-08-09 12:44,2026-08-09 16:06,emergency
P1127,F029,F021,2026-08-07 09:49,2026-08-09 23:59,shift
P1128,F023,LAND,2026-08-06 16:51,2026-08-08 18:16,shift
P1129,F007,LAND,2026-08-08 09:01,2026-08-09 23:59,shift
P1130,F043,F051,2026-08-05 10:17,2026-08-06 10:29,shift
P1131,LAND,F007,2026-08-07 07:30,2026-08-09 08:51,shift
P1132,F003,A01,2026-08-07 08:09,2026-08-09 09:30,shift
P1133,LAND,F034,2026-08-07 06:13,2026-08-09 07:55,shift
P1134,F002,A01,2026-08-08 08:44,2026-08-09 23:59,shift
P1135,LAND,F038,2026-08-06 08:07,2026-08-08 09:31,shift
P1136,F049,LAND,2026-08-07 11:45,2026-08-09 13:02,shift
P1137,A03,F041,2026-08-06 09:51,2026-08-08 12:00,shift
P1138,F031,LAND,2026-08-05 11:38,2026-08-07 12:44,shift
P1139,LAND,F013,2026-08-05 06:47,2026-08-07 08:16,shift
P1140,F021,F027,2026-08-03 07:31,2026-08-05 08:06,shift
P1141,LAND,F022,2026-08-03 07:37,2026-08-06 08:57,shift
P1142,F014,F017,2026-08-06 09:23,2026-08-08 10:07,shift
P1143,F006,LAND,2026-08-07 08:35,2026-08-09 09:50,shift
P1144,LAND,F024,2026-08-07 09:04,2026-08-07 12:25,production
P1145,F018,F026,2026-08-03 00:00,2026-08-05 08:43,shift
P1146,F036,F046,2026-08-03 00:00,2026-08-05 08:10,temporary
P1147,F013,LAND,2026-08-04 08:26,2026-08-07 09:55,shift
P1148,LAND,F050,2026-08-05 07:11,2026-08-07 09:24,shift
P1149,F051,LAND,2026-08-05 10:57,2026-08-07 12:26,shift
P1150,F016,F005,2026-08-06 11:22,2026-08-08 11:29,shift
P1151,LAND,F022,2026-08-05 08:25,2026-08-07 09:31,shift
P1152,F018,LAND,2026-08-06 10:32,2026-08-07 11:31,shift
P1153,LAND,F013,2026-08-05 06:47,2026-08-07 08:16,shift
P1154,F032,F025,2026-08-09 08:20,2026-08-09 23:59,shift
P1155,F002,LAND,2026-08-08 08:44,2026-08-09 23:59,shift
P1156,LAND,F034,2026-08-05 08:12,2026-08-07 09:54,shift
P1157,LAND,F045,2026-08-04 08:54,2026-08-05 10:48,shift
P1158,F029,LAND,2026-08-08 10:34,2026-08-09 23:59,shift
P1159,F014,LAND,2026-08-05 07:37,2026-08-05 10:21,production
P1160,LAND,F019,2026-08-05 15:14,2026-08-07 16:13,shift
P1161,F040,LAND,2026-08-03 00:00,2026-08-04 10:13,temporary
P1162,F049,LAND,2026-08-08 11:45,2026-08-09 13:02,shift
P1163,LAND,F014,2026-08-05 07:15,2026-08-07 08:07,shift
P1164,LAND,F019,2026-08-03 09:07,2026-08-04 10:06,shift
P1165,F027,LAND,2026-08-07 15:23,2026-08-07 18:08,production
P1166,F020,A02,2026-08-08 08:49,2026-08-09 23:59,shift
P1167,LAND,F001,2026-08-09 06:16,2026-08-09 08:53,production
P1168,F007,F002,2026-08-04 10:22,2026-08-06 10:31,shift
P1169,F002,LAND,2026-08-09 07:59,2026-08-09 11:15,production
P1170,F049,LAND,2026-08-07 11:45,2026-08-09 23:59,shift
P1171,A03,F043,2026-08-06 07:00,2026-08-08 08:46,shift
P1172,F015,A01,2026-08-09 10:20,2026-08-09 23:59,shift
P1173,LAND,F047,2026-08-04 09:18,2026-08-07 11:01,shift
P1174,LAND,F042,2026-08-04 08:03,2026-08-04 12:48,production
P1175,F012,A01,2026-08-08 07:40,2026-08-08 10:46,production
P1176,F008,LAND,2026-08-04 08:37,2026-08-06 09:54,shift
P1177,F021,LAND,2026-08-06 09:04,2026-08-07 10:14,shift
P1178,F033,LAND,2026-08-05 08:58,2026-08-06 10:14,shift
P1179,LAND,F028,2026-08-04 06:15,2026-08-07 07:35,shift
P1180,F008,F003,2026-08-05 10:59,2026-08-07 11:10,shift
P1181,F011,F015,2026-08-05 07:33,2026-08-07 07:41,shift
P1182,F017,LAND,2026-08-08 11:03,2026-08-09 23:59,shift
P1183,F031,LAND,2026-08-05 11:38,2026-08-06 12:44,shift
P1184,LAND,F025,2026-08-06 06:43,2026-08-09 08:14,shift
P1185,F011,F015,2026-08-06 07:33,2026-08-08 07:41,shift
P1186,F021,LAND,2026-08-08 09:41,2026-08-09 23:59,shift
P1187,LAND,F012,2026-08-07 07:14,2026-08-09 08:20,shift
P1188,LAND,F022,2026-08-05 08:25,2026-08-08 09:31,shift
P1189,F030,LAND,2026-08-04 10:40,2026-08-07 11:30,shift
P1190,F018,LAND,2026-08-06 10:32,2026-08-07 11:31,shift
P1191,F039,LAND,2026-08-03 08:40,2026-08-05 09:51,shift
P1192,F039,A03,2026-08-06 10:37,2026-08-08 11:48,shift
P1193,F039,F052,2026-08-03 10:59,2026-08-06 11:42,shift
P1194,LAND,F018,2026-08-06 09:13,2026-08-08 10:12,shift
P1195,A02,F021,2026-08-09 08:21,2026-08-09 23:59,shift
P1196,LAND,F007,2026-08-08 07:30,2026-08-09 23:59,shift
P1197,F039,LAND,2026-08-03 00:00,2026-08-05 09:51,temporary
P1198,A02,F033,2026-08-08 06:37,2026-08-08 09:49,production
P1199,LAND,F046,2026-08-05 08:48,2026-08-07 10:31,shift
P1200,LAND,F030,2026-08-08 09:44,2026-08-09 23:59,shift
P1201,LAND,F052,2026-08-09 08:03,2026-08-09 23:59,shift
P1202,F028,LAND,2026-08-05 07:45,2026-08-06 09:05,shift
P1203,A03,F042,2026-08-07 06:07,2026-08-08 08:10,shift
P1204,F045,LAND,2026-08-03 00:00,2026-08-07 12:21,temporary
P1205,F013,LAND,2026-08-04 08:26,2026-08-07 09:55,shift
P1206,LAND,F031,2026-08-08 10:14,2026-08-09 23:59,shift
P1207,F007,LAND,2026-08-03 08:09,2026-08-03 09:44,emergency
P1208,LAND,F001,2026-08-03 06:26,2026-08-05 07:43,shift
P1209,F030,F026,2026-08-08 16:11,2026-08-09 16:30,shift
P1210,LAND,F012,2026-08-03 10:25,2026-08-05 11:31,temporary
P1211,F020,LAND,2026-08-06 08:05,2026-08-08 08:56,shift
P1212,F044,LAND,2026-08-06 08:22,2026-08-09 10:03,shift
P1213,LAND,F018,2026-08-06 08:18,2026-08-06 11:38,production
P1214,F001,LAND,2026-08-03 00:00,2026-08-04 09:10,shift
P1215,F016,LAND,2026-08-06 15:21,2026-08-06 18:10,production
P1216,LAND,F004,2026-08-03 00:00,2026-08-05 09:12,shift
P1217,LAND,F048,2026-08-05 09:57,2026-08-07 11:34,shift
P1218,F023,F032,2026-08-03 11:47,2026-08-06 11:51,shift
P1219,F039,LAND,2026-08-03 07:52,2026-08-03 11:02,production
P1220,F025,LAND,2026-08-07 08:24,2026-08-09 09:20,shift
P1221,LAND,F037,2026-08-05 06:53,2026-08-07 08:55,shift
P1222,F015,F009,2026-08-06 10:47,2026-08-08 10:58,shift
P1223,F032,LAND,2026-08-08 08:45,2026-08-09 23:59,shift
P1224,F042,F040,2026-08-04 09:55,2026-08-06 10:04,shift
P1225,F004,LAND,2026-08-07 08:53,2026-08-08 10:20,shift
P1226,LAND,F029,2026-08-05 09:03,2026-08-07 10:28,shift
P1227,F029,LAND,2026-08-04 10:38,2026-08-06 11:37,shift
P1228,F018,LAND,2026-08-06 10:32,2026-08-08 11:31,shift
P1229,LAND,F001,2026-08-09 06:53,2026-08-09 23:59,shift
P1230,F052,F048,2026-08-08 10:34,2026-08-09 10:42,shift
P1231,A03,F047,2026-08-08 09:57,2026-08-09 23:59,shift
P1232,F002,F003,2026-08-09 08:28,2026-08-09 10:57,production
P1233,LAND,F027,2026-08-04 07:53,2026-08-05 08:56,shift
P1234,F039,A03,2026-08-05 10:37,2026-08-08 11:48,shift
P1235,LAND,F014,2026-08-05 06:35,2026-08-05 09:29,production
P1236,LAND,F039,2026-08-05 09:16,2026-08-08 10:27,shift
P1237,F050,LAND,2026-08-04 09:44,2026-08-07 11:57,shift
P1238,LAND,F052,2026-08-08 08:03,2026-08-09 23:59,shift
P1239,F041,F045,2026-08-03 10:20,2026-08-05 10:27,shift
P1240,F032,F025,2026-08-08 08:20,2026-08-09 23:59,shift
P1241,F035,LAND,2026-08-06 09:43,2026-08-07 11:10,shift
P1242,F001,LAND,2026-08-06 11:18,2026-08-07 12:42,shift
P1243,LAND,F007,2026-08-03 00:00,2026-08-05 08:05,shift
P1244,F029,LAND,2026-08-04 10:38,2026-08-07 11:37,shift
P1245,F028,LAND,2026-08-05 06:54,2026-08-05 10:07,production
P1246,F048,LAND,2026-08-05 11:44,2026-08-07 12:54,shift
P1247,LAND,F036,2026-08-05 10:09,2026-08-08 11:47,shift
P1248,F011,LAND,2026-08-08 07:51,2026-08-09 08:46,shift
P1249,F026,LAND,2026-08-03 08:34,2026-08-05 09:44,shift
P1250,F011,LAND,2026-08-04 10:58,2026-08-06 11:53,shift
P1251,F037,LAND,2026-08-03 00:00,2026-08-04 13:42,shift
P1252,F017,F014,2026-08-06 08:42,2026-08-08 08:54,shift
P1253,F023,LAND,2026-08-07 16:51,2026-08-08 18:16,shift
P1254,LAND,F032,2026-08-08 06:58,2026-08-09 08:35,shift
P1255,F037,F044,2026-08-09 09:04,2026-08-09 23:59,shift
P1256,LAND,F035,2026-08-05 08:06,2026-08-07 09:33,shift
P1257,F012,LAND,2026-08-07 08:30,2026-08-09 23:59,shift
P1258,F051,F038,2026-08-08 08:33,2026-08-08 10:17,production
P1259,F031,LAND,2026-08-08 11:40,2026-08-09 12:46,shift
P1260,F026,LAND,2026-08-04 07:36,2026-08-04 10:34,production
P1261,LAND,F048,2026-08-05 09:57,2026-08-07 11:34,shift
P1262,F031,LAND,2026-08-07 11:40,2026-08-09 23:59,shift
P1263,F013,F002,2026-08-05 08:45,2026-08-08 09:07,shift
P1264,LAND,F004,2026-08-06 07:55,2026-08-09 08:43,shift
P1265,F035,LAND,2026-08-06 09:43,2026-08-08 11:10,shift
P1266,LAND,F026,2026-08-03 07:14,2026-08-05 08:24,shift
P1267,LAND,F036,2026-08-06 10:09,2026-08-07 11:47,shift
P1268,LAND,F042,2026-08-04 08:09,2026-08-04 13:03,production
P1269,LAND,F046,2026-08-08 08:23,2026-08-08 12:09,production
P1270,LAND,F008,2026-08-04 06:30,2026-08-04 09:12,production
P1271,F009,LAND,2026-08-08 10:24,2026-08-09 23:59,shift
P1272,F042,F040,2026-08-03 00:00,2026-08-07 10:04,temporary
P1273,F037,LAND,2026-08-05 09:05,2026-08-08 11:07,shift
P1274,F050,LAND,2026-08-03 09:44,2026-08-06 11:57,temporary
P1275,F021,LAND,2026-08-09 09:41,2026-08-09 23:59,shift
P1276,LAND,F029,2026-08-04 09:03,2026-08-07 10:28,shift
P1277,F037,LAND,2026-08-03 11:40,2026-08-05 13:42,shift
P1278,LAND,F038,2026-08-03 06:47,2026-08-04 07:59,shift
P1279,F004,LAND,2026-08-03 00:00,2026-08-04 10:16,shift
P1280,F005,LAND,2026-08-07 09:32,2026-08-07 11:53,production
P1281,F048,LAND,2026-08-07 10:31,2026-08-09 23:59,shift
P1282,F021,LAND,2026-08-09 09:08,2026-08-09 11:48,production
P1283,F028,A02,2026-08-05 07:45,2026-08-06 09:05,shift
P1284,LAND,F019,2026-08-03 09:07,2026-08-05 10:06,shift
P1285,LAND,F018,2026-08-03 00:00,2026-08-05 08:48,shift
P1286,F026,LAND,2026-08-06 08:53,2026-08-09 09:54,shift
P1287,F026,A02,2026-08-04 08:34,2026-08-05 09:44,shift
P1288,F043,F051,2026-08-04 10:17,2026-08-07 10:29,shift
P1289,F009,F003,2026-08-04 10:54,2026-08-06 11:38,shift
P1290,F017,LAND,2026-08-06 10:31,2026-08-08 11:13,shift
P1291,F033,LAND,2026-08-05 08:58,2026-08-07 10:14,shift
P1292,F037,F044,2026-08-08 09:04,2026-08-09 23:59,shift
P1293,F030,LAND,2026-08-05 09:59,2026-08-05 12:32,production
P1294,LAND,F043,2026-08-04 10:17,2026-08-06 12:03,shift
P1295,F022,LAND,2026-08-06 09:41,2026-08-08 10:47,shift
P1296,LAND,F013,2026-08-04 06:47,2026-08-07 08:16,shift
P1297,F019,LAND,2026-08-09 08:20,2026-08-09 23:59,shift
P1298,F048,LAND,2026-08-04 11:44,2026-08-06 12:54,shift
P1299,F001,A01,2026-08-03 07:53,2026-08-05 09:10,shift
P1300,LAND,F032,2026-08-07 06:58,2026-08-09 23:59,shift
P1301,F007,A01,2026-08-03 08:15,2026-08-04 09:29,shift
P1302,F034,LAND,2026-08-07 08:05,2026-08-09 09:26,shift
P1303,LAND,F047,2026-08-05 09:18,2026-08-07 11:01,shift
P1304,F043,LAND,2026-08-04 11:20,2026-08-04 14:35,production
P1305,F030,LAND,2026-08-08 10:03,2026-08-08 12:44,production
P1306,F009,F003,2026-08-04 10:54,2026-08-06 11:38,shift
P1307,LAND,F005,2026-08-03 08:48,2026-08-05 09:40,shift
P1308,LAND,F036,2026-08-05 10:09,2026-08-07 11:47,shift
P1309,F042,LAND,2026-08-04 12:01,2026-08-05 14:50,shift
P1310,A01,F008,2026-08-03 07:10,2026-08-05 08:27,shift
P1311,F024,LAND,2026-08-04 10:50,2026-08-05 11:50,shift
P1312,F046,F047,2026-08-05 10:00,2026-08-07 10:05,shift
P1313,F048,F039,2026-08-07 09:54,2026-08-07 11:54,production
P1314,F037,LAND,2026-08-05 09:05,2026-08-07 11:07,shift
P1315,LAND,F020,2026-08-06 07:04,2026-08-08 07:55,shift
P1316,LAND,F043,2026-08-06 07:00,2026-08-09 08:46,shift
P1317,F010,F007,2026-08-05 07:53,2026-08-07 08:27,shift
P1318,F004,F007,2026-08-04 08:10,2026-08-05 08:22,shift
P1319,LAND,F012,2026-08-04 10:25,2026-08-05 11:31,shift
P1320,F001,F016,2026-08-03 11:03,2026-08-03 12:56,production
P1321,F024,LAND,2026-08-04 10:50,2026-08-05 11:50,shift
P1322,LAND,F036,2026-08-09 15:17,2026-08-09 23:59,shift
P1323,F039,LAND,2026-08-03 08:40,2026-08-04 09:51,shift
P1324,LAND,F030,2026-08-08 09:44,2026-08-09 23:59,shift
P1325,F028,F018,2026-08-07 10:44,2026-08-09 11:02,shift
P1326,F020,F019,2026-08-03 00:00,2026-08-05 10:58,shift
P1327,LAND,F043,2026-08-03 10:17,2026-08-05 12:03,shift
P1328,F044,LAND,2026-08-03 09:32,2026-08-06 11:13,shift
P1329,LAND,F020,2026-08-09 07:48,2026-08-09 23:59,shift
P1330,F033,LAND,2026-08-04 08:58,2026-08-06 10:14,shift
P1331,F046,F047,2026-08-06 10:00,2026-08-08 10:05,shift
P1332,F011,LAND,2026-08-03 10:58,2026-08-05 11:53,shift
P1333,LAND,F020,2026-08-03 00:00,2026-08-05 07:57,shift
P1334,A01,F008,2026-08-07 08:05,2026-08-09 23:59,shift
P1335,LAND,F023,2026-08-04 06:17,2026-08-06 07:30,shift
P1336,F034,LAND,2026-08-07 08:05,2026-08-09 23:59,shift
P1337,F012,LAND,2026-08-07 08:30,2026-08-09 23:59,shift
P1338,LAND,F033,2026-08-04 07:32,2026-08-07 08:48,shift
P1339,LAND,F021,2026-08-09 08:21,2026-08-09 23:59,shift
P1340,F017,LAND,2026-08-06 10:31,2026-08-07 11:13,shift
P1341,F026,LAND,2026-08-03 08:34,2026-08-06 09:44,shift
P1342,LAND,F028,2026-08-06 06:10,2026-08-09 07:49,shift
P1343,LAND,F020,2026-08-09 07:48,2026-08-09 23:59,shift
P1344,F046,LAND,2026-08-05 10:41,2026-08-06 12:24,shift
P1345,LAND,F019,2026-08-09 07:11,2026-08-09 23:59,shift
P1346,F038,LAND,2026-08-05 09:51,2026-08-07 11:15,shift
P1347,LAND,F016,2026-08-06 15:06,2026-08-08 15:50,shift
P1348,F003,F008,2026-08-03 10:06,2026-08-06 10:17,shift
P1349,F044,F037,2026-08-05 12:07,2026-08-08 12:20,shift
P1350,LAND,F001,2026-08-03 06:26,2026-08-04 07:43,shift
P1351,F010,A01,2026-08-08 11:07,2026-08-09 12:35,shift
P1352,F019,LAND,2026-08-08 08:20,2026-08-09 23:59,shift
P1353,F028,LAND,2026-08-06 07:59,2026-08-08 09:16,shift
P1354,F020,F019,2026-08-03 00:00,2026-08-05 10:58,shift
P1355,F051,LAND,2026-08-08 09:13,2026-08-09 23:59,shift
P1356,F032,F025,2026-08-08 08:20,2026-08-09 23:59,shift
P1357,LAND,F047,2026-08-07 09:57,2026-08-09 23:59,shift
P1358,LAND,F020,2026-08-06 07:04,2026-08-08 07:55,shift
P1359,F050,F043,2026-08-06 09:47,2026-08-09 23:59,temporary
P1360,F015,F009,2026-08-06 10:47,2026-08-08 10:58,shift
P1361,F041,A03,2026-08-07 12:10,2026-08-09 14:55,shift
P1362,F036,LAND,2026-08-09 16:40,2026-08-09 23:59,shift
P1363,F037,F044,2026-08-09 09:04,2026-08-09 23:59,shift
P1364,LAND,F015,2026-08-09 08:41,2026-08-09 10:20,emergency
P1365,LAND,F020,2026-08-03 06:58,2026-08-05 07:57,shift
P1366,LAND,F035,2026-08-06 08:06,2026-08-08 09:33,shift
P1367,LAND,F021,2026-08-08 08:21,2026-08-09 23:59,shift
P1368,A02,F034,2026-08-05 08:12,2026-08-07 09:54,shift
P1369,LAND,F028,2026-08-05 06:15,2026-08-07 07:35,shift
P1370,F010,LAND,2026-08-03 09:41,2026-08-05 11:09,shift
P1371,F039,F052,2026-08-04 10:59,2026-08-06 11:42,shift
P1372,F028,F018,2026-08-06 10:44,2026-08-08 11:02,shift
P1373,F027,LAND,2026-08-04 09:06,2026-08-05 10:09,shift
P1374,F009,LAND,2026-08-08 09:47,2026-08-08 12:09,production
P1375,F050,F043,2026-08-08 09:47,2026-08-09 23:59,shift
P1376,LAND,F030,2026-08-08 09:44,2026-08-09 23:59,shift
P1377,F013,LAND,2026-08-03 08:26,2026-08-07 09:55,temporary
P1378,F012,LAND,2026-08-03 11:41,2026-08-05 12:47,shift
P1379,F028,LAND,2026-08-04 07:45,2026-08-07 09:05,shift
P1380,LAND,F017,2026-08-05 09:39,2026-08-08 10:21,temporary
P1381,LAND,F036,2026-08-03 15:06,2026-08-04 16:39,shift
P1382,LAND,F044,2026-08-06 06:21,2026-08-08 08:02,shift
P1383,F014,A01,2026-08-04 08:17,2026-08-06 09:09,shift
P1384,F005,A01,2026-08-07 10:12,2026-08-08 11:04,shift
P1385,LAND,F049,2026-08-07 09:40,2026-08-09 23:59,shift
P1386,F047,F049,2026-08-07 16:21,2026-08-07 18:35,production
P1387,F001,A01,2026-08-08 08:03,2026-08-09 23:59,shift
P1388,F028,LAND,2026-08-05 07:45,2026-08-06 09:05,shift
P1389,F011,F015,2026-08-06 07:33,2026-08-07 07:41,shift
P1390,F017,LAND,2026-08-06 10:31,2026-08-07 11:13,shift
P1391,F045,F048,2026-08-05 08:40,2026-08-08 09:14,shift
P1392,LAND,F034,2026-08-05 08:12,2026-08-06 09:54,shift
P1393,F007,LAND,2026-08-08 08:27,2026-08-08 10:51,production
P1394,LAND,F006,2026-08-06 07:00,2026-08-08 08:15,shift
P1395,LAND,F002,2026-08-03 00:00,2026-08-04 08:26,shift
P1396,F044,LAND,2026-08-07 08:22,2026-08-09 10:03,shift
P1397,LAND,F006,2026-08-06 07:00,2026-08-08 08:15,shift
P1398,F038,LAND,2026-08-05 09:51,2026-08-08 11:15,shift
P1399,LAND,F006,2026-08-06 07:00,2026-08-09 08:15,shift
P1400,F023,F032,2026-08-04 11:47,2026-08-05 11:51,shift
P1401,F029,LAND,2026-08-07 10:34,2026-08-09 11:26,shift
P1402,A01,F015,2026-08-06 08:53,2026-08-09 23:59,temporary
P1403,F050,F043,2026-08-06 09:47,2026-08-09 10:39,temporary
P1404,LAND,F047,2026-08-04 09:18,2026-08-07 11:01,shift
P1405,F021,F027,2026-08-03 07:21,2026-08-03 08:22,emergency
P1406,F045,F048,2026-08-06 08:40,2026-08-07 09:14,shift
P1407,LAND,F039,2026-08-05 09:16,2026-08-07 10:27,shift
P1408,F003,LAND,2026-08-03 07:38,2026-08-03 10:46,production
P1409,F003,F007,2026-08-09 09:19,2026-08-09 23:59,shift
P1410,F008,F003,2026-08-05 10:59,2026-08-07 11:10,shift
P1411,F009,F003,2026-08-05 10:54,2026-08-07 11:38,shift
P1412,F011,LAND,2026-08-08 07:51,2026-08-09 08:46,shift
P1413,LAND,F024,2026-08-07 10:01,2026-08-08 11:01,shift
P1414,F001,LAND,2026-08-03 00:00,2026-08-05 09:10,temporary
P1415,F051,F038,2026-08-07 09:23,2026-08-09 09:28,shift
P1416,F048,LAND,2026-08-04 11:44,2026-08-07 12:54,shift
P1417,F016,A01,2026-08-09 10:32,2026-08-09 23:59,shift
P1418,F030,F026,2026-08-07 16:11,2026-08-09 23:59,shift
P1419,F020,F019,2026-08-03 00:00,2026-08-05 10:58,shift
P1420,F006,A01,2026-08-07 08:35,2026-08-08 09:50,shift
P1421,F037,LAND,2026-08-03 11:40,2026-08-04 13:42,shift
P1422,LAND,F025,2026-08-07 06:43,2026-08-08 08:14,shift
P1423,LAND,F034,2026-08-07 06:13,2026-08-09 23:59,shift
P1424,F028,LAND,2026-08-06 07:59,2026-08-09 09:16,shift
P1425,F009,LAND,2026-08-08 10:24,2026-08-09 23:59,shift
P1426,F005,LAND,2026-08-03 09:50,2026-08-04 10:42,shift
P1427,F037,LAND,2026-08-03 00:00,2026-08-05 13:42,shift
P1428,F025,A02,2026-08-07 08:24,2026-08-09 09:20,shift
P1429,LAND,F012,2026-08-08 06:29,2026-08-08 09:09,production
P1430,F052,F048,2026-08-07 10:34,2026-08-09 10:42,shift
P1431,LAND,F002,2026-08-08 07:25,2026-08-09 23:59,shift
P1432,F021,LAND,2026-08-03 00:00,2026-08-05 10:09,shift
P1433,F041,F045,2026-08-04 10:20,2026-08-05 10:27,shift
P1434,F019,LAND,2026-08-09 07:48,2026-08-09 11:09,production
P1435,LAND,F042,2026-08-06 06:07,2026-08-08 08:10,shift
P1436,F039,F048,2026-08-08 07:36,2026-08-09 23:59,shift
P1437,F049,F048,2026-08-08 07:52,2026-08-09 23:59,shift
P1438,F022,F033,2026-08-04 09:04,2026-08-04 11:24,production
P1439,F023,LAND,2026-08-04 07:02,2026-08-04 10:03,production
P1440,F038,A03,2026-08-03 00:00,2026-08-04 09:31,shift
P1441,F043,LAND,2026-08-07 08:56,2026-08-09 10:19,shift
P1442,F038,LAND,2026-08-03 08:19,2026-08-05 09:31,shift
P1443,LAND,F031,2026-08-04 10:12,2026-08-07 11:18,shift
P1444,F012,LAND,2026-08-03 11:41,2026-08-05 12:47,shift
P1445,LAND,F028,2026-08-06 06:10,2026-08-08 07:49,shift
P1446,F048,LAND,2026-08-05 11:44,2026-08-06 12:54,shift
P1447,LAND,F024,2026-08-06 10:01,2026-08-08 11:01,shift
P1448,F018,LAND,2026-08-09 10:23,2026-08-09 23:59,shift
P1449,F042,F040,2026-08-05 09:55,2026-08-07 10:04,shift
P1450,LAND,F043,2026-08-07 07:00,2026-08-09 08:46,shift
P1451,LAND,F023,2026-08-06 15:16,2026-08-09 16:41,shift
P1452,LAND,F050,2026-08-09 09:33,2026-08-09 23:59,shift
P1453,LAND,F020,2026-08-03 00:00,2026-08-05 07:57,shift
P1454,F015,LAND,2026-08-09 10:20,2026-08-09 23:59,shift
P1455,F010,LAND,2026-08-03 09:41,2026-08-05 11:09,shift
P1456,F020,F019,2026-08-03 00:00,2026-08-04 10:58,shift
P1457,F036,LAND,2026-08-09 16:40,2026-08-09 23:59,shift
P1458,LAND,F002,2026-08-08 07:25,2026-08-09 23:59,shift
P1459,F044,LAND,2026-08-03 09:32,2026-08-05 11:13,shift
P1460,F026,F033,2026-08-05 07:45,2026-08-07 07:55,shift
P1461,LAND,F008,2026-08-03 07:10,2026-08-05 08:27,shift
P1462,A02,F033,2026-08-05 07:32,2026-08-07 08:48,shift
P1463,LAND,F022,2026-08-06 07:51,2026-08-06 10:38,production
P1464,LAND,F047,2026-08-04 09:18,2026-08-06 11:01,shift
P1465,F002,LAND,2026-08-08 08:44,2026-08-09 23:59,shift
P1466,F034,LAND,2026-08-05 10:04,2026-08-06 11:25,shift
P1467,LAND,F031,2026-08-08 10:14,2026-08-09 11:20,shift
P1468,F042,LAND,2026-08-07 08:20,2026-08-09 10:23,shift
P1469,F004,LAND,2026-08-03 09:22,2026-08-05 10:16,shift
P1470,LAND,F018,2026-08-06 09:13,2026-08-08 10:12,shift
P1471,LAND,F050,2026-08-04 07:11,2026-08-07 09:24,shift
P1472,F001,LAND,2026-08-08 08:03,2026-08-09 23:59,shift
P1473,F049,LAND,2026-08-04 08:33,2026-08-08 09:40,temporary
P1474,LAND,F039,2026-08-03 07:19,2026-08-04 08:30,shift
P1475,LAND,F033,2026-08-05 06:51,2026-08-05 09:39,production
P1476,LAND,F022,2026-08-04 07:37,2026-08-06 08:57,shift
P1477,LAND,F037,2026-08-03 00:00,2026-08-04 11:30,shift
P1478,F005,A01,2026-08-03 09:50,2026-08-05 10:42,shift
P1479,LAND,F041,2026-08-04 08:33,2026-08-05 10:42,shift
P1480,F021,LAND,2026-08-09 09:41,2026-08-09 23:59,shift
P1481,LAND,F022,2026-08-05 08:25,2026-08-07 09:31,shift
P1482,A02,F023,2026-08-04 06:00,2026-08-04 08:18,production
P1483,F035,LAND,2026-08-08 10:17,2026-08-09 23:59,shift
P1484,LAND,F037,2026-08-06 06:53,2026-08-07 08:55,shift
P1485,F039,LAND,2026-08-03 08:40,2026-08-04 09:51,shift
P1486,F025,LAND,2026-08-03 16:56,2026-08-05 17:52,shift
P1487,F013,F002,2026-08-06 08:45,2026-08-07 09:07,shift
P1488,LAND,F039,2026-08-03 00:00,2026-08-05 08:30,shift
P1489,F031,LAND,2026-08-03 00:00,2026-08-06 12:44,temporary
P1490,F028,LAND,2026-08-04 07:45,2026-08-06 09:05,shift
P1491,F041,LAND,2026-08-06 12:10,2026-08-08 14:55,shift
P1492,F011,LAND,2026-08-03 10:58,2026-08-05 11:53,shift
P1493,LAND,F017,2026-08-06 09:39,2026-08-07 10:21,shift
P1494,F051,LAND,2026-08-04 10:57,2026-08-06 12:26,shift
P1495,F048,LAND,2026-08-07 10:31,2026-08-09 23:59,shift
P1496,F036,F049,2026-08-08 11:56,2026-08-09 23:59,shift
P1497,LAND,F049,2026-08-05 06:41,2026-08-06 08:23,shift
P1498,F003,F007,2026-08-08 09:19,2026-08-09 23:59,shift
P1499,F015,LAND,2026-08-08 10:20,2026-08-09 23:59,shift
P1500,LAND,F019,2026-08-05 15:14,2026-08-07 16:13,shift
P1501,F038,LAND,2026-08-03 00:00,2026-08-06 09:31,temporary
P1502,F037,F040,2026-08-03 00:00,2026-08-04 12:23,shift
P1503,F042,LAND,2026-08-04 12:01,2026-08-05 14:50,shift
P1504,LAND,F018,2026-08-06 09:13,2026-08-07 10:12,shift
P1505,F039,F052,2026-08-03 10:59,2026-08-05 11:42,shift
P1506,LAND,F015,2026-08-05 07:02,2026-08-08 08:19,shift
P1507,F020,F019,2026-08-03 10:48,2026-08-04 10:58,shift
P1508,F045,LAND,2026-08-07 17:15,2026-08-08 18:38,shift
P1509,LAND,F002,2026-08-09 07:25,2026-08-09 23:59,shift
P1510,F015,F009,2026-08-07 10:47,2026-08-09 10:58,shift
P1511,F045,LAND,2026-08-06 17:15,2026-08-09 18:38,shift
P1512,LAND,F031,2026-08-08 10:14,2026-08-09 11:20,shift
P1513,F002,F003,2026-08-09 09:21,2026-08-09 23:59,shift
P1514,F044,F037,2026-08-05 12:07,2026-08-08 12:20,shift
P1515,LAND,F024,2026-08-07 10:01,2026-08-08 11:01,shift
P1516,F019,LAND,2026-08-03 10:16,2026-08-05 11:45,shift
P1517,LAND,F036,2026-08-08 15:17,2026-08-09 23:59,shift
P1518,LAND,F010,2026-08-07 09:58,2026-08-09 10:57,shift
P1519,F004,LAND,2026-08-03 00:00,2026-08-04 10:16,shift
P1520,A03,F049,2026-08-07 09:40,2026-08-09 23:59,shift
P1521,LAND,F017,2026-08-05 09:39,2026-08-07 10:21,shift
P1522,F039,LAND,2026-08-03 00:00,2026-08-05 09:51,shift
P1523,LAND,F007,2026-08-03 06:51,2026-08-04 08:05,shift
P1524,F009,LAND,2026-08-08 10:24,2026-08-09 11:10,shift
P1525,F051,F038,2026-08-08 09:23,2026-08-09 23:59,shift
P1526,F007,F002,2026-08-05 09:22,2026-08-05 11:47,production
P1527,F038,F039,2026-08-09 10:20,2026-08-09 23:59,shift
P1528,LAND,F027,2026-08-07 15:07,2026-08-09 16:10,shift
P1529,LAND,F011,2026-08-07 06:36,2026-08-09 07:31,shift
P1530,F016,F005,2026-08-06 11:22,2026-08-09 11:29,shift
P1531,F008,F003,2026-08-04 10:59,2026-08-06 11:10,shift
P1532,F019,LAND,2026-08-05 16:23,2026-08-08 17:52,shift
P1533,F047,LAND,2026-08-04 11:11,2026-08-06 12:54,shift
P1534,LAND,F031,2026-08-05 10:12,2026-08-07 11:18,shift
P1535,F027,LAND,2026-08-04 09:06,2026-08-06 10:09,shift
P1536,F004,LAND,2026-08-03 00:00,2026-08-05 10:16,shift
P1537,LAND,F016,2026-08-05 15:06,2026-08-07 15:50,shift
P1538,F022,LAND,2026-08-09 10:15,2026-08-09 23:59,shift
P1539,F012,F015,2026-08-06 10:21,2026-08-08 10:30,shift
P1540,F037,F044,2026-08-08 09:04,2026-08-09 23:59,shift
P1541,LAND,F033,2026-08-04 07:32,2026-08-07 08:48,shift
P1542,F041,LAND,2026-08-07 12:10,2026-08-09 14:55,shift
P1543,F030,LAND,2026-08-05 10:40,2026-08-07 11:30,shift
P1544,LAND,F022,2026-08-08 08:59,2026-08-09 23:59,shift
P1545,F006,A01,2026-08-07 08:35,2026-08-09 09:50,shift
P1546,F008,LAND,2026-08-08 09:32,2026-08-09 10:49,shift
P1547,F031,LAND,2026-08-04 11:38,2026-08-07 12:44,shift
P1548,F031,F021,2026-08-07 11:14,2026-08-09 23:59,temporary
P1549,LAND,F010,2026-08-08 09:58,2026-08-09 23:59,shift
P1550,F001,F016,2026-08-03 10:53,2026-08-03 12:50,production
P1551,F035,LAND,2026-08-06 09:43,2026-08-08 11:10,shift
P1552,LAND,F046,2026-08-04 08:48,2026-08-06 10:31,shift
P1553,LAND,F004,2026-08-03 00:00,2026-08-04 09:12,shift
P1554,F005,F017,2026-08-05 08:24,2026-08-07 09:00,shift
P1555,F035,LAND,2026-08-09 10:17,2026-08-09 23:59,shift
P1556,LAND,F041,2026-08-06 09:51,2026-08-09 12:00,shift
P1557,F034,LAND,2026-08-05 09:59,2026-08-05 11:49,emergency
P1558,F006,LAND,2026-08-07 08:35,2026-08-09 09:50,shift
P1559,LAND,F039,2026-08-05 09:16,2026-08-07 10:27,shift
P1560,F034,LAND,2026-08-07 08:05,2026-08-09 23:59,shift
P1561,F002,LAND,2026-08-03 00:00,2026-08-05 10:04,shift
P1562,LAND,F038,2026-08-05 08:07,2026-08-08 09:31,shift
P1563,F013,LAND,2026-08-05 07:33,2026-08-05 10:43,production
P1564,LAND,F021,2026-08-09 08:21,2026-08-09 23:59,shift
P1565,F050,LAND,2026-08-05 09:44,2026-08-06 11:57,shift
P1566,LAND,F018,2026-08-05 09:13,2026-08-08 10:12,shift
P1567,LAND,F040,2026-08-03 00:00,2026-08-04 07:53,shift
P1568,F002,F004,2026-08-04 08:15,2026-08-06 08:56,shift
P1569,LAND,F048,2026-08-07 08:31,2026-08-09 23:59,shift
P1570,LAND,F049,2026-08-05 06:41,2026-08-07 08:23,shift
P1571,A01,F011,2026-08-04 09:43,2026-08-05 10:38,shift
P1572,F042,F040,2026-08-05 08:57,2026-08-05 11:21,production
P1573,F049,LAND,2026-08-05 11:45,2026-08-09 23:59,temporary
P1574,LAND,F027,2026-08-03 07:53,2026-08-06 08:56,shift
P1575,LAND,F035,2026-08-09 08:40,2026-08-09 23:59,shift
P1576,LAND,F036,2026-08-03 00:00,2026-08-05 16:39,shift
P1577,LAND,F022,2026-08-03 07:37,2026-08-05 08:57,shift
P1578,F028,F018,2026-08-06 10:44,2026-08-08 11:02,shift
P1579,LAND,F016,2026-08-09 09:32,2026-08-09 23:59,shift
P1580,LAND,F021,2026-08-09 08:21,2026-08-09 23:59,shift
P1581,F022,F033,2026-08-04 09:47,2026-08-06 09:55,shift
P1582,LAND,F016,2026-08-06 14:34,2026-08-06 17:05,production
P1583,F015,LAND,2026-08-05 08:29,2026-08-08 09:15,shift
P1584,F039,F048,2026-08-09 07:36,2026-08-09 23:59,shift
P1585,F051,F038,2026-08-08 09:23,2026-08-09 09:28,shift
P1586,F029,F021,2026-08-08 09:49,2026-08-09 09:54,shift
P1587,F050,F043,2026-08-08 09:16,2026-08-08 11:25,production
P1588,F019,F033,2026-08-03 09:47,2026-08-04 09:54,shift
P1589,F032,LAND,2026-08-08 08:45,2026-08-09 23:59,shift
P1590,F049,F048,2026-08-07 07:52,2026-08-09 23:59,shift
P1591,F029,LAND,2026-08-07 10:34,2026-08-09 11:26,shift
P1592,F006,F007,2026-08-04 09:19,2026-08-06 09:23,shift
P1593,F005,A01,2026-08-03 09:50,2026-08-05 10:42,shift
P1594,F048,A03,2026-08-08 09:35,2026-08-08 12:41,production
P1595,F033,LAND,2026-08-08 09:07,2026-08-09 23:59,shift
P1596,F028,LAND,2026-08-06 07:59,2026-08-09 09:16,shift
P1597,F026,LAND,2026-08-06 08:53,2026-08-08 09:54,shift
P1598,LAND,F040,2026-08-03 06:05,2026-08-05 07:53,shift
P1599,F009,F003,2026-08-04 10:54,2026-08-06 11:38,shift
P1600,F001,A01,2026-08-06 11:18,2026-08-08 12:42,shift
P1601,LAND,F001,2026-08-05 10:08,2026-08-07 11:08,shift
P1602,F010,LAND,2026-08-08 11:07,2026-08-09 12:35,shift
P1603,F016,LAND,2026-08-09 09:45,2026-08-09 12:30,production
P1604,LAND,F048,2026-08-05 09:57,2026-08-07 11:34,shift
P1605,LAND,F011,2026-08-04 09:43,2026-08-05 10:38,shift
P1606,F048,F039,2026-08-04 10:52,2026-08-08 11:02,temporary
P1607,LAND,F018,2026-08-03 07:01,2026-08-03 10:03,production
P1608,LAND,F021,2026-08-05 07:44,2026-08-08 08:54,shift
P1609,LAND,F001,2026-08-06 09:09,2026-08-06 12:28,production
P1610,LAND,F009,2026-08-03 07:53,2026-08-06 08:33,shift
P1611,A01,F006,2026-08-06 07:00,2026-08-09 08:15,shift
P1612,LAND,F038,2026-08-03 00:00,2026-08-04 07:59,shift
P1613,LAND,F047,2026-08-08 09:57,2026-08-09 23:59,shift
P1614,F047,LAND,2026-08-05 10:34,2026-08-05 13:47,production
P1615,LAND,F043,2026-08-04 10:17,2026-08-06 12:03,shift
P1616,LAND,F047,2026-08-05 09:18,2026-08-06 11:01,shift
P1617,F036,LAND,2026-08-03 16:49,2026-08-05 18:22,shift
P1618,F001,F005,2026-08-08 10:14,2026-08-09 23:59,shift
P1619,F036,LAND,2026-08-03 00:00,2026-08-04 18:22,shift
P1620,F003,LAND,2026-08-06 08:09,2026-08-09 09:30,shift
P1621,F022,LAND,2026-08-05 09:41,2026-08-08 10:47,shift
P1622,F010,A01,2026-08-07 11:07,2026-08-09 12:35,shift
P1623,F013,LAND,2026-08-07 09:53,2026-08-09 11:22,shift
P1624,F014,LAND,2026-08-08 09:49,2026-08-09 23:59,shift
P1625,LAND,F006,2026-08-03 09:32,2026-08-04 10:37,shift
P1626,F051,A03,2026-08-05 10:57,2026-08-06 12:26,shift
P1627,LAND,F022,2026-08-05 08:25,2026-08-08 09:31,shift
P1628,F022,F033,2026-08-04 09:47,2026-08-05 09:55,shift
P1629,F038,F045,2026-08-03 16:49,2026-08-05 16:59,shift
P1630,F037,F040,2026-08-03 00:00,2026-08-04 12:23,shift
P1631,F001,F005,2026-08-07 10:14,2026-08-09 23:59,shift
P1632,F051,LAND,2026-08-04 10:57,2026-08-06 12:26,shift
P1633,F002,F003,2026-08-09 09:21,2026-08-09 23:59,shift
P1634,F003,LAND,2026-08-03 08:36,2026-08-04 09:57,shift
P1635,F029,LAND,2026-08-05 10:38,2026-08-06 11:37,shift
P1636,F036,LAND,2026-08-05 11:57,2026-08-08 13:00,shift
P1637,F036,LAND,2026-08-09 16:40,2026-08-09 23:59,shift
P1638,F042,A03,2026-08-07 08:20,2026-08-09 10:23,shift
P1639,F011,LAND,2026-08-08 07:51,2026-08-09 23:59,shift
P1640,A03,F045,2026-08-04 08:54,2026-08-05 10:48,shift
P1641,F043,F051,2026-08-04 10:17,2026-08-07 10:29,shift
P1642,F020,LAND,2026-08-09 08:49,2026-08-09 23:59,shift
P1643,F048,F039,2026-08-06 10:52,2026-08-09 11:02,shift
P1644,F009,A01,2026-08-04 08:43,2026-08-06 10:01,shift
P1645,LAND,F019,2026-08-03 00:00,2026-08-05 10:06,shift
P1646,F037,LAND,2026-08-03 11:40,2026-08-05 13:42,shift
P1647,F038,F045,2026-08-03 16:49,2026-08-05 16:59,shift
P1648,F017,A01,2026-08-08 11:03,2026-08-09 23:59,shift
P1649,F052,A03,2026-08-06 10:24,2026-08-06 14:06,production
P1650,A03,F036,2026-08-06 10:09,2026-08-08 11:47,shift
P1651,F023,F032,2026-08-03 00:00,2026-08-05 11:51,temporary
P1652,F007,F002,2026-08-04 10:22,2026-08-06 10:31,shift
P1653,LAND,F008,2026-08-08 08:05,2026-08-09 09:22,shift
P1654,LAND,F024,2026-08-07 09:04,2026-08-07 11:47,production
P1655,LAND,F012,2026-08-08 07:14,2026-08-09 08:20,shift
P1656,F020,LAND,2026-08-03 00:00,2026-08-05 09:06,shift
P1657,F021,LAND,2026-08-05 09:04,2026-08-07 10:14,shift
P1658,F045,LAND,2026-08-06 17:15,2026-08-09 18:38,shift
P1659,F049,F048,2026-08-07 07:52,2026-08-09 08:02,shift
P1660,F050,A03,2026-08-09 12:50,2026-08-09 23:59,shift
P1661,LAND,F019,2026-08-09 07:11,2026-08-09 23:59,shift
P1662,F011,A01,2026-08-08 07:51,2026-08-09 08:46,shift
P1663,F027,LAND,2026-08-07 16:20,2026-08-08 17:23,shift
P1664,LAND,F019,2026-08-03 08:20,2026-08-03 10:55,production
P1665,F029,A02,2026-08-08 09:40,2026-08-08 12:46,production
P1666,F031,F021,2026-08-08 11:14,2026-08-09 23:59,shift
P1667,LAND,F011,2026-08-07 06:36,2026-08-09 23:59,shift
P1668,LAND,F027,2026-08-03 07:53,2026-08-06 08:56,shift
P1669,F002,F004,2026-08-04 08:15,2026-08-06 08:56,shift
P1670,F020,F019,2026-08-03 09:48,2026-08-03 11:56,production
P1671,LAND,F020,2026-08-03 00:00,2026-08-05 07:57,shift
P1672,F028,LAND,2026-08-05 07:45,2026-08-06 09:05,shift
P1673,F048,F039,2026-08-06 10:52,2026-08-08 11:02,shift
P1674,F021,LAND,2026-08-05 09:04,2026-08-07 10:14,shift
P1675,F028,A02,2026-08-04 07:45,2026-08-06 09:05,temporary
P1676,F006,LAND,2026-08-07 08:35,2026-08-08 09:50,shift
P1677,A02,F019,2026-08-06 15:14,2026-08-08 16:13,shift
P1678,F028,LAND,2026-08-05 07:45,2026-08-07 09:05,shift
P1679,F029,LAND,2026-08-08 09:35,2026-08-08 12:47,production
P1680,LAND,F016,2026-08-09 09:32,2026-08-09 23:59,shift
P1681,LAND,F032,2026-08-07 06:58,2026-08-09 08:35,shift
P1682,LAND,F025,2026-08-04 14:29,2026-08-04 17:33,production
P1683,LAND,F042,2026-08-04 09:02,2026-08-06 11:51,shift
P1684,LAND,F051,2026-08-09 07:26,2026-08-09 23:59,shift
P1685,LAND,F002,2026-08-05 07:29,2026-08-08 08:38,shift
P1686,LAND,F034,2026-08-04 08:12,2026-08-07 09:54,temporary
P1687,F024,LAND,2026-08-07 11:21,2026-08-08 12:21,shift
P1688,LAND,F011,2026-08-03 09:43,2026-08-06 10:38,shift
P1689,F005,LAND,2026-08-03 00:00,2026-08-04 10:42,shift
P1690,LAND,F021,2026-08-05 07:44,2026-08-08 08:54,shift
P1691,F032,F025,2026-08-08 08:20,2026-08-09 23:59,shift
P1692,F031,LAND,2026-08-05 11:38,2026-08-07 12:44,shift
P1693,F008,LAND,2026-08-07 09:32,2026-08-09 23:59,shift
P1694,LAND,F008,2026-08-08 08:05,2026-08-09 09:22,shift
P1695,F004,F007,2026-08-03 08:10,2026-08-06 08:22,shift
P1696,F028,LAND,2026-08-06 07:59,2026-08-09 09:16,shift
P1697,LAND,F016,2026-08-06 15:06,2026-08-08 15:50,shift
P1698,F023,F032,2026-08-03 11:47,2026-08-05 11:51,shift
P1699,LAND,F020,2026-08-09 07:48,2026-08-09 23:59,shift
P1700,F038,LAND,2026-08-03 00:00,2026-08-04 09:31,shift
P1701,LAND,F035,2026-08-09 08:40,2026-08-09 23:59,shift
P1702,F011,LAND,2026-08-03 10:58,2026-08-06 11:53,shift
P1703,A01,F007,2026-08-07 07:30,2026-08-09 08:51,shift
P1704,F038,F045,2026-08-03 00:00,2026-08-05 16:59,shift
P1705,LAND,F040,2026-08-03 06:05,2026-08-04 07:53,shift
P1706,F034,LAND,2026-08-08 08:05,2026-08-09 09:26,shift
P1707,F045,LAND,2026-08-03 10:58,2026-08-06 12:21,shift
P1708,LAND,F023,2026-08-07 14:46,2026-08-07 17:53,production
P1709,F042,LAND,2026-08-07 08:20,2026-08-09 10:23,shift
P1710,LAND,F005,2026-08-03 00:00,2026-08-05 09:40,shift
P1711,F006,F007,2026-08-04 09:19,2026-08-06 09:23,shift
P1712,F010,F007,2026-08-05 07:53,2026-08-07 08:27,shift
P1713,LAND,F020,2026-08-06 07:48,2026-08-09 23:59,temporary
P1714,LAND,F035,2026-08-05 08:06,2026-08-07 09:33,shift
P1715,A03,F040,2026-08-06 09:13,2026-08-09 11:55,shift
P1716,F027,LAND,2026-08-06 16:20,2026-08-08 17:23,shift
P1717,F030,F026,2026-08-07 16:11,2026-08-09 16:30,shift
P1718,A01,F011,2026-08-07 06:36,2026-08-09 23:59,shift
P1719,F043,F051,2026-08-05 10:17,2026-08-06 10:29,shift
P1720,F048,LAND,2026-08-07 10:31,2026-08-09 23:59,shift
P1721,LAND,F036,2026-08-09 15:17,2026-08-09 23:59,shift
P1722,F029,LAND,2026-08-07 10:34,2026-08-09 11:26,shift
P1723,LAND,F051,2026-08-09 07:26,2026-08-09 23:59,shift
P1724,LAND,F026,2026-08-03 07:14,2026-08-06 08:24,shift
P1725,LAND,F039,2026-08-03 07:19,2026-08-04 08:30,shift
P1726,F023,F032,2026-08-03 11:47,2026-08-06 11:51,shift
P1727,F008,LAND,2026-08-08 09:32,2026-08-09 10:49,shift
P1728,F040,LAND,2026-08-03 00:00,2026-08-04 10:13,shift
P1729,A02,F028,2026-08-07 06:10,2026-08-09 07:49,shift
P1730,F037,LAND,2026-08-05 09:05,2026-08-08 11:07,shift
P1731,F045,LAND,2026-08-03 10:58,2026-08-06 12:21,shift
P1732,F048,F039,2026-08-07 10:15,2026-08-07 12:11,production
P1733,F012,LAND,2026-08-03 11:41,2026-08-06 12:47,shift
P1734,LAND,F002,2026-08-03 06:02,2026-08-03 09:42,production
P1735,F038,F039,2026-08-09 09:38,2026-08-09 11:58,production
P1736,F052,LAND,2026-08-06 10:44,2026-08-06 14:25,production
P1737,F037,F044,2026-08-08 09:04,2026-08-09 23:59,shift
P1738,LAND,F029,2026-08-08 09:07,2026-08-09 10:24,shift
P1739,LAND,F030,2026-08-08 09:04,2026-08-08 11:57,production
P1740,F010,LAND,2026-08-07 11:07,2026-08-09 12:35,shift
P1741,F036,LAND,2026-08-05 11:57,2026-08-07 13:00,shift
P1742,LAND,F041,2026-08-07 09:10,2026-08-07 13:14,production
P1743,LAND,F009,2026-08-08 09:28,2026-08-09 10:14,shift
P1744,F007,F002,2026-08-04 10:22,2026-08-07 10:31,shift
P1745,LAND,F017,2026-08-08 10:11,2026-08-09 23:59,shift
P1746,F027,LAND,2026-08-03 09:06,2026-08-06 10:09,shift
P1747,F037,LAND,2026-08-06 09:05,2026-08-08 11:07,shift
P1748,LAND,F006,2026-08-03 09:32,2026-08-05 10:37,shift
P1749,F016,LAND,2026-08-08 10:32,2026-08-09 23:59,shift
P1750,A03,F040,2026-08-03 00:00,2026-08-04 07:53,shift
P1751,F040,LAND,2026-08-07 12:05,2026-08-09 14:47,shift
P1752,LAND,F018,2026-08-09 09:11,2026-08-09 23:59,shift
P1753,LAND,F045,2026-08-03 08:54,2026-08-06 10:48,shift
P1754,A01,F002,2026-08-05 07:29,2026-08-08 08:38,shift
P1755,F036,LAND,2026-08-08 16:40,2026-08-09 23:59,shift
P1756,F032,LAND,2026-08-05 08:41,2026-08-06 09:58,shift
P1757,LAND,F001,2026-08-05 10:08,2026-08-07 11:08,shift
P1758,LAND,F001,2026-08-08 06:53,2026-08-09 23:59,shift
P1759,LAND,F001,2026-08-08 06:53,2026-08-09 23:59,shift
P1760,LAND,F044,2026-08-04 07:31,2026-08-06 09:12,shift
P1761,LAND,F048,2026-08-07 08:31,2026-08-09 23:59,shift
P1762,F035,LAND,2026-08-08 10:17,2026-08-09 23:59,shift
P1763,LAND,F009,2026-08-04 07:53,2026-08-05 08:33,shift
P1764,F028,F018,2026-08-06 10:44,2026-08-09 11:02,shift
P1765,F045,F048,2026-08-05 08:40,2026-08-08 09:14,shift
P1766,LAND,F038,2026-08-03 00:00,2026-08-05 07:59,shift
P1767,A03,F042,2026-08-04 08:08,2026-08-04 13:00,production
P1768,F040,LAND,2026-08-03 00:00,2026-08-05 10:13,shift
P1769,F026,LAND,2026-08-03 08:34,2026-08-06 09:44,temporary
P1770,F018,LAND,2026-08-06 10:32,2026-08-08 11:31,shift
P1771,A01,F002,2026-08-03 00:00,2026-08-04 08:26,shift
P1772,LAND,F031,2026-08-08 10:14,2026-08-09 11:20,shift
P1773,LAND,F028,2026-08-07 06:10,2026-08-09 07:49,shift
P1774,LAND,F015,2026-08-06 07:02,2026-08-07 08:19,shift
P1775,F026,LAND,2026-08-04 08:34,2026-08-05 09:44,shift
P1776,F025,LAND,2026-08-04 16:26,2026-08-04 19:14,production
P1777,F001,F005,2026-08-08 10:14,2026-08-09 23:59,shift
P1778,LAND,F046,2026-08-05 08:48,2026-08-06 10:31,shift
P1779,F020,LAND,2026-08-03 08:07,2026-08-05 09:06,shift
P1780,F040,LAND,2026-08-03 00:00,2026-08-04 10:13,shift
P1781,F014,LAND,2026-08-05 08:17,2026-08-07 09:09,shift
P1782,LAND,F015,2026-08-05 07:02,2026-08-08 08:19,shift
P1783,F045,LAND,2026-08-06 17:15,2026-08-09 18:38,temporary
P1784,F015,A01,2026-08-06 08:29,2026-08-08 09:15,shift
P1785,A03,F045,2026-08-07 15:11,2026-08-08 17:05,shift
P1786,F046,F047,2026-08-06 10:00,2026-08-08 10:05,shift
P1787,F003,F007,2026-08-08 09:19,2026-08-09 23:59,shift
P1788,F030,F026,2026-08-08 16:11,2026-08-09 23:59,shift
P1789,F038,F045,2026-08-03 16:14,2026-08-03 17:48,production
P1790,LAND,F020,2026-08-03 06:58,2026-08-05 07:57,shift
P1791,F043,LAND,2026-08-04 12:13,2026-08-05 13:36,shift
P1792,F022,LAND,2026-08-06 09:41,2026-08-07 10:47,shift
P1793,LAND,F026,2026-08-06 07:20,2026-08-08 08:43,shift
P1794,LAND,F020,2026-08-05 07:04,2026-08-07 07:55,shift
P1795,F030,LAND,2026-08-08 10:44,2026-08-09 11:34,shift
P1796,F020,LAND,2026-08-08 08:49,2026-08-09 23:59,shift
P1797,LAND,F007,2026-08-08 07:30,2026-08-09 23:59,shift
P1798,F027,F021,2026-08-07 06:25,2026-08-07 08:44,production
P1799,F045,LAND,2026-08-07 17:15,2026-08-08 18:38,shift
P1800,F051,LAND,2026-08-07 09:13,2026-08-09 23:59,temporary
P1801,LAND,F021,2026-08-03 00:00,2026-08-04 08:49,shift
P1802,F001,F005,2026-08-08 10:14,2026-08-09 10:48,shift
P1803,A03,F045,2026-08-06 15:11,2026-08-09 17:05,shift
P1804,LAND,F030,2026-08-04 09:40,2026-08-07 10:30,shift
P1805,LAND,F014,2026-08-05 07:15,2026-08-07 08:07,shift
P1806,LAND,F031,2026-08-04 10:12,2026-08-07 11:18,shift
P1807,LAND,F018,2026-08-06 08:26,2026-08-06 11:22,production
P1808,F037,LAND,2026-08-03 11:09,2026-08-03 14:51,production
P1809,F032,F025,2026-08-08 08:20,2026-08-09 23:59,shift
P1810,F015,LAND,2026-08-08 10:20,2026-08-09 23:59,shift
P1811,LAND,F032,2026-08-07 06:58,2026-08-09 08:35,shift
P1812,F019,LAND,2026-08-08 08:20,2026-08-09 23:59,shift
P1813,F036,F049,2026-08-08 11:56,2026-08-09 23:59,shift
P1814,LAND,F028,2026-08-06 06:10,2026-08-08 07:49,shift
P1815,F039,LAND,2026-08-06 09:42,2026-08-06 12:53,production
P1816,F025,LAND,2026-08-03 16:56,2026-08-06 17:52,shift
P1817,A03,F036,2026-08-05 10:09,2026-08-07 11:47,shift
P1818,F002,LAND,2026-08-03 08:36,2026-08-04 10:04,shift
P1819,F036,LAND,2026-08-09 16:40,2026-08-09 23:59,shift
P1820,F016,LAND,2026-08-09 10:32,2026-08-09 23:59,shift
P1821,F052,F048,2026-08-07 10:34,2026-08-09 10:42,shift
P1822,F040,LAND,2026-08-03 00:00,2026-08-05 10:13,shift
P1823,F039,F052,2026-08-04 10:59,2026-08-06 11:42,shift
P1824,F039,LAND,2026-08-06 09:44,2026-08-06 12:56,production
P1825,F033,LAND,2026-08-05 08:58,2026-08-06 10:14,shift
P1826,F052,LAND,2026-08-08 09:56,2026-08-09 23:59,shift
P1827,A02,F029,2026-08-07 09:07,2026-08-09 10:24,shift
P1828,LAND,F025,2026-08-06 06:43,2026-08-08 08:14,shift
P1829,F052,F048,2026-08-07 10:34,2026-08-09 10:42,shift
P1830,F036,LAND,2026-08-09 16:40,2026-08-09 23:59,shift
P1831,F052,F048,2026-08-07 10:34,2026-08-09 10:42,shift
P1832,LAND,F049,2026-08-07 09:40,2026-08-09 23:59,shift
P1833,F008,LAND,2026-08-07 09:32,2026-08-09 10:49,shift
P1834,F048,LAND,2026-08-07 10:31,2026-08-09 23:59,shift
P1835,F022,LAND,2026-08-09 10:15,2026-08-09 23:59,shift
P1836,F010,F007,2026-08-04 07:53,2026-08-07 08:27,shift
P1837,F033,LAND,2026-08-07 09:07,2026-08-09 23:59,shift
P1838,A01,F007,2026-08-03 06:51,2026-08-04 08:05,shift
P1839,LAND,F047,2026-08-07 09:57,2026-08-09 23:59,shift
P1840,F038,LAND,2026-08-03 00:00,2026-08-04 09:31,shift
P1841,LAND,F028,2026-08-07 06:10,2026-08-09 07:49,shift
P1842,F028,LAND,2026-08-06 07:59,2026-08-09 09:16,shift
P1843,F036,F049,2026-08-08 11:56,2026-08-09 23:59,temporary
P1844,F016,LAND,2026-08-05 16:00,2026-08-08 17:13,shift
P1845,F002,LAND,2026-08-05 08:48,2026-08-07 09:57,shift
P1846,LAND,F006,2026-08-07 07:00,2026-08-09 08:15,shift
P1847,LAND,F036,2026-08-09 15:02,2026-08-09 16:44,emergency
P1848,LAND,F001,2026-08-06 10:08,2026-08-08 11:08,shift
P1849,F042,LAND,2026-08-06 08:20,2026-08-08 10:23,shift
P1850,LAND,F041,2026-08-07 09:10,2026-08-07 13:08,production
P1851,F033,LAND,2026-08-05 08:19,2026-08-05 11:31,production
P1852,F018,LAND,2026-08-03 00:00,2026-08-04 10:00,shift
P1853,LAND,F014,2026-08-05 07:15,2026-08-07 08:07,shift
P1854,A02,F027,2026-08-06 15:07,2026-08-09 16:10,shift
P1855,LAND,F043,2026-08-07 07:00,2026-08-08 08:46,shift
P1856,LAND,F025,2026-08-07 06:43,2026-08-08 08:14,shift
P1857,LAND,F020,2026-08-05 07:04,2026-08-08 07:55,shift
P1858,LAND,F038,2026-08-03 06:47,2026-08-05 07:59,shift
P1859,A02,F031,2026-08-04 10:12,2026-08-06 11:18,shift
P1860,F043,LAND,2026-08-04 12:13,2026-08-05 13:36,shift
P1861,F037,F040,2026-08-03 11:44,2026-08-03 13:24,production
P1862,F050,LAND,2026-08-08 12:50,2026-08-09 23:59,shift
P1863,F004,LAND,2026-08-06 08:53,2026-08-09 10:20,shift
P1864,LAND,F010,2026-08-03 08:32,2026-08-06 09:31,shift
P1865,F017,LAND,2026-08-09 11:03,2026-08-09 23:59,shift
P1866,LAND,F018,2026-08-09 09:11,2026-08-09 23:59,shift
P1867,LAND,F025,2026-08-06 06:43,2026-08-09 08:14,shift
P1868,F049,LAND,2026-08-08 10:51,2026-08-08 14:21,production
P1869,F040,LAND,2026-08-03 00:00,2026-08-05 10:13,shift
P1870,LAND,F048,2026-08-05 09:57,2026-08-06 11:34,shift
P1871,F022,A02,2026-08-06 09:05,2026-08-06 11:56,production
P1872,LAND,F001,2026-08-03 06:26,2026-08-04 07:43,shift
P1873,F043,A03,2026-08-07 08:56,2026-08-09 10:19,shift
P1874,F022,LAND,2026-08-08 10:15,2026-08-09 23:59,shift
P1875,F001,LAND,2026-08-03 07:53,2026-08-05 09:10,shift
P1876,F038,F045,2026-08-03 16:49,2026-08-05 16:59,shift
P1877,F020,F019,2026-08-03 10:48,2026-08-05 10:58,shift
P1878,LAND,F029,2026-08-04 09:03,2026-08-06 10:28,shift
P1879,F048,LAND,2026-08-05 11:07,2026-08-05 14:12,production
P1880,F021,LAND,2026-08-05 09:04,2026-08-07 10:14,shift
P1881,F018,F026,2026-08-03 00:00,2026-08-05 08:43,shift
P1882,F027,LAND,2026-08-04 09:06,2026-08-06 10:09,shift
P1883,LAND,F025,2026-08-03 15:15,2026-08-06 16:46,shift
P1884,LAND,F045,2026-08-04 08:54,2026-08-06 10:48,shift
P1885,F038,LAND,2026-08-05 09:51,2026-08-08 11:15,shift
P1886,A02,F025,2026-08-06 06:43,2026-08-09 08:14,shift
P1887,F002,A01,2026-08-09 08:44,2026-08-09 23:59,shift
P1888,F043,F051,2026-08-04 10:17,2026-08-07 10:29,shift
P1889,F020,LAND,2026-08-03 07:17,2026-08-03 10:03,production
P1890,LAND,F046,2026-08-07 09:19,2026-08-09 23:59,shift
P1891,LAND,F010,2026-08-06 09:58,2026-08-09 23:59,temporary
P1892,F049,LAND,2026-08-07 11:45,2026-08-09 13:02,shift
P1893,F017,F014,2026-08-06 08:42,2026-08-09 08:54,shift
P1894,F036,F046,2026-08-03 00:00,2026-08-04 08:10,shift
P1895,LAND,F019,2026-08-03 00:00,2026-08-05 10:06,shift
P1896,F009,F003,2026-08-05 10:54,2026-08-07 11:38,shift
P1897,LAND,F013,2026-08-07 07:53,2026-08-09 09:43,shift
P1898,F024,A02,2026-08-07 11:21,2026-08-09 12:21,shift
P1899,F006,A01,2026-08-03 00:00,2026-08-05 12:02,temporary
P1900,LAND,F022,2026-08-08 08:59,2026-08-09 23:59,shift
P1901,F004,F007,2026-08-04 08:10,2026-08-05 08:22,shift
P1902,LAND,F014,2026-08-08 08:19,2026-08-09 23:59,shift
P1903,F019,F033,2026-08-03 00:00,2026-08-04 09:54,shift
P1904,LAND,F027,2026-08-04 07:53,2026-08-05 08:56,shift
P1905,A02,F024,2026-08-07 10:01,2026-08-09 11:01,shift
P1906,LAND,F023,2026-08-04 06:17,2026-08-05 07:30,shift
P1907,A01,F010,2026-08-04 08:32,2026-08-06 09:31,shift
P1908,LAND,F040,2026-08-03 00:00,2026-08-05 07:53,shift
P1909,F039,F048,2026-08-09 07:36,2026-08-09 23:59,shift
P1910,LAND,F005,2026-08-07 09:10,2026-08-09 10:02,shift
P1911,F040,F041,2026-08-03 08:40,2026-08-05 09:19,shift
P1912,F049,F048,2026-08-07 07:52,2026-08-09 23:59,shift
P1913,A03,F038,2026-08-06 08:07,2026-08-07 09:31,shift
P1914,F052,LAND,2026-08-09 09:56,2026-08-09 23:59,shift
P1915,F027,LAND,2026-08-04 09:06,2026-08-06 10:09,shift
P1916,LAND,F034,2026-08-05 08:12,2026-08-07 09:54,shift
P1917,F001,F016,2026-08-03 00:00,2026-08-04 11:46,shift
P1918,F046,F047,2026-08-05 10:00,2026-08-08 10:05,shift
P1919,LAND,F029,2026-08-05 08:17,2026-08-05 11:17,production
P1920,F011,F015,2026-08-06 07:33,2026-08-07 07:41,shift
P1921,LAND,F019,2026-08-03 09:07,2026-08-04 10:06,shift
P1922,F047,F049,2026-08-07 17:06,2026-08-09 17:12,shift
P1923,F033,LAND,2026-08-05 08:58,2026-08-06 10:14,shift
P1924,F024,F027,2026-08-04 16:19,2026-08-06 16:24,shift
P1925,F037,LAND,2026-08-06 09:05,2026-08-07 11:07,shift
P1926,LAND,F051,2026-08-05 08:57,2026-08-06 10:47,shift
P1927,F025,LAND,2026-08-03 16:56,2026-08-05 17:52,shift
P1928,F036,F049,2026-08-09 11:56,2026-08-09 23:59,shift
P1929,F002,LAND,2026-08-08 08:44,2026-08-09 23:59,shift
P1930,F011,A01,2026-08-04 10:58,2026-08-06 11:53,shift
P1931,F038,F045,2026-08-03 00:00,2026-08-05 16:59,shift
P1932,F038,F039,2026-08-07 10:20,2026-08-09 23:59,temporary
P1933,LAND,F005,2026-08-03 00:00,2026-08-04 09:40,shift
P1934,F040,F041,2026-08-04 08:10,2026-08-04 10:17,production
P1935,F026,LAND,2026-08-03 08:34,2026-08-05 09:44,shift
P1936,LAND,F039,2026-08-03 07:19,2026-08-04 08:30,shift
P1937,F012,LAND,2026-08-04 11:41,2026-08-06 12:47,shift
P1938,F025,F027,2026-08-05 09:36,2026-08-08 10:11,shift
P1939,F012,LAND,2026-08-03 11:41,2026-08-06 12:47,shift
P1940,LAND,F032,2026-08-04 06:54,2026-08-07 08:31,shift
P1941,F036,LAND,2026-08-08 16:40,2026-08-09 23:59,shift
P1942,F039,LAND,2026-08-03 00:00,2026-08-05 09:51,shift
P1943,F016,LAND,2026-08-05 16:00,2026-08-07 17:13,shift
P1944,LAND,F052,2026-08-05 08:58,2026-08-08 11:09,shift
P1945,LAND,F033,2026-08-05 07:32,2026-08-07 08:48,shift
P1946,F014,A01,2026-08-05 08:17,2026-08-07 09:09,shift
P1947,F045,LAND,2026-08-07 17:15,2026-08-09 18:38,shift
P1948,LAND,F043,2026-08-07 07:00,2026-08-09 08:46,shift
P1949,LAND,F009,2026-08-04 07:53,2026-08-06 08:33,shift
P1950,F048,LAND,2026-08-08 10:31,2026-08-09 11:52,shift
P1951,F003,F008,2026-08-03 10:06,2026-08-05 10:17,shift
P1952,F037,LAND,2026-08-03 00:00,2026-08-05 13:42,temporary
P1953,F048,F039,2026-08-07 10:52,2026-08-08 11:02,shift
P1954,LAND,F002,2026-08-06 06:42,2026-08-06 09:58,production
P1955,F028,F018,2026-08-07 10:44,2026-08-08 11:02,shift
P1956,LAND,F029,2026-08-07 09:07,2026-08-09 10:24,shift
P1957,F033,LAND,2026-08-05 08:58,2026-08-06 10:14,shift
P1958,F021,A02,2026-08-09 09:41,2026-08-09 23:59,shift
P1959,LAND,F049,2026-08-05 06:41,2026-08-07 08:23,shift
P1960,LAND,F044,2026-08-07 06:21,2026-08-09 08:02,shift
P1961,F006,LAND,2026-08-03 00:00,2026-08-04 12:02,shift
P1962,LAND,F051,2026-08-09 06:40,2026-08-09 10:10,production
P1963,F038,F045,2026-08-03 16:49,2026-08-05 16:59,shift
P1964,F018,LAND,2026-08-08 10:23,2026-08-09 23:59,shift
P1965,F042,LAND,2026-08-06 08:20,2026-08-09 10:23,shift
P1966,F028,LAND,2026-08-07 07:59,2026-08-08 09:16,shift
P1967,F041,LAND,2026-08-04 10:52,2026-08-06 13:37,shift
P1968,LAND,F011,2026-08-04 09:43,2026-08-05 10:38,shift
P1969,LAND,F039,2026-08-03 00:00,2026-08-04 08:30,shift
P1970,F014,A01,2026-08-08 09:49,2026-08-09 23:59,shift
P1971,F012,F015,2026-08-06 10:21,2026-08-08 10:30,shift
P1972,F015,LAND,2026-08-05 08:29,2026-08-07 09:15,shift
P1973,F031,LAND,2026-08-08 11:40,2026-08-09 12:46,shift
P1974,F011,LAND,2026-08-07 07:51,2026-08-09 08:46,shift
P1975,F044,F037,2026-08-06 12:07,2026-08-08 12:20,shift
P1976,F041,A03,2026-08-03 10:52,2026-08-05 13:37,shift
P1977,F041,F045,2026-08-04 10:20,2026-08-06 10:27,shift
P1978,LAND,F041,2026-08-03 08:33,2026-08-06 10:42,shift
P1979,F034,LAND,2026-08-08 08:05,2026-08-09 09:26,shift
P1980,F040,LAND,2026-08-04 12:05,2026-08-08 14:47,temporary
P1981,LAND,F047,2026-08-05 09:10,2026-08-05 11:21,emergency
P1982,LAND,F019,2026-08-03 00:00,2026-08-06 10:06,temporary
P1983,F007,A01,2026-08-03 00:00,2026-08-05 09:29,shift
P1984,LAND,F022,2026-08-03 07:37,2026-08-05 08:57,shift
P1985,F035,LAND,2026-08-09 10:17,2026-08-09 23:59,shift
P1986,F048,LAND,2026-08-04 11:44,2026-08-07 12:54,shift
P1987,LAND,F021,2026-08-08 08:21,2026-08-09 23:59,shift
P1988,LAND,F023,2026-08-06 15:16,2026-08-08 16:41,shift
P1989,F043,LAND,2026-08-07 08:10,2026-08-07 11:17,production
P1990,F023,LAND,2026-08-04 07:05,2026-08-04 10:10,production
P1991,LAND,F027,2026-08-06 15:07,2026-08-08 16:10,shift
P1992,LAND,F013,2026-08-04 06:47,2026-08-07 08:16,shift
P1993,F010,F007,2026-08-04 07:53,2026-08-07 08:27,shift
P1994,LAND,F034,2026-08-04 08:12,2026-08-06 09:54,shift
P1995,F041,LAND,2026-08-07 12:10,2026-08-08 14:55,shift
P1996,F022,LAND,2026-08-07 10:15,2026-08-09 23:59,temporary
P1997,F004,LAND,2026-08-03 09:22,2026-08-04 10:16,shift
P1998,F032,LAND,2026-08-08 07:56,2026-08-08 11:16,production
P1999,F002,LAND,2026-08-03 08:36,2026-08-04 10:04,shift
P2000,F022,LAND,2026-08-06 09:41,2026-08-07 10:47,shift
P2001,F017,A01,2026-08-08 11:03,2026-08-09 23:59,temporary
P2002,F038,F039,2026-08-08 10:20,2026-08-09 23:59,shift
P2003,F002,F003,2026-08-09 08:36,2026-08-09 11:23,production
P2004,F048,LAND,2026-08-07 10:31,2026-08-09 23:59,shift
P2005,F017,F014,2026-08-07 08:42,2026-08-08 08:54,shift
P2006,F012,A01,2026-08-08 08:30,2026-08-09 23:59,shift
P2007,F032,LAND,2026-08-08 08:45,2026-08-09 10:02,shift
P2008,F020,LAND,2026-08-09 08:49,2026-08-09 23:59,shift
P2009,F022,LAND,2026-08-08 10:15,2026-08-09 23:59,shift
P2010,F026,A02,2026-08-06 08:53,2026-08-08 09:54,shift
P2011,F012,LAND,2026-08-08 08:16,2026-08-08 09:58,emergency
P2012,F051,F038,2026-08-07 09:23,2026-08-09 09:28,shift
P2013,F021,F027,2026-08-03 07:31,2026-08-04 08:06,shift
P2014,F012,LAND,2026-08-07 08:30,2026-08-09 09:36,shift
P2015,F019,LAND,2026-08-08 08:20,2026-08-09 23:59,shift
P2016,F030,A02,2026-08-04 10:40,2026-08-06 11:30,shift
P2017,LAND,F052,2026-08-05 08:58,2026-08-08 11:09,shift
P2018,LAND,F034,2026-08-04 08:12,2026-08-07 09:54,shift
P2019,F045,LAND,2026-08-07 17:15,2026-08-09 18:38,shift
P2020,F042,LAND,2026-08-04 11:30,2026-08-04 15:59,production
P2021,F005,LAND,2026-08-06 10:12,2026-08-09 11:04,shift
P2022,LAND,F048,2026-08-07 08:31,2026-08-09 10:21,shift
P2023,LAND,F045,2026-08-03 08:54,2026-08-06 10:48,temporary
P2024,LAND,F002,2026-08-03 06:58,2026-08-05 08:26,shift
P2025,F042,F040,2026-08-04 09:55,2026-08-07 10:04,shift
P2026,LAND,F030,2026-08-05 09:40,2026-08-07 10:30,shift
P2027,LAND,F005,2026-08-03 08:09,2026-08-03 11:06,production
P2028,LAND,F002,2026-08-03 06:58,2026-08-05 08:26,shift
P2029,F043,A03,2026-08-06 08:56,2026-08-09 10:19,shift
P2030,LAND,F002,2026-08-03 06:58,2026-08-05 08:26,shift
P2031,LAND,F042,2026-08-07 06:07,2026-08-08 08:10,shift
P2032,LAND,F021,2026-08-08 08:21,2026-08-09 23:59,shift
P2033,F030,LAND,2026-08-04 10:40,2026-08-07 11:30,shift
P2034,LAND,F020,2026-08-08 07:48,2026-08-09 23:59,shift
P2035,F008,LAND,2026-08-04 08:37,2026-08-06 09:54,shift
P2036,LAND,F044,2026-08-03 07:31,2026-08-05 09:12,shift
P2037,LAND,F052,2026-08-05 08:58,2026-08-07 11:09,temporary
P2038,LAND,F021,2026-08-08 08:21,2026-08-09 23:59,shift
P2039,LAND,F001,2026-08-09 06:53,2026-08-09 23:59,shift
P2040,F003,LAND,2026-08-03 00:00,2026-08-04 09:57,shift
P2041,LAND,F011,2026-08-07 06:36,2026-08-09 23:59,shift
P2042,LAND,F034,2026-08-08 06:00,2026-08-08 09:02,production
P2043,LAND,F017,2026-08-03 09:39,2026-08-09 10:21,temporary
P2044,LAND,F013,2026-08-07 07:53,2026-08-09 23:59,shift
P2045,LAND,F037,2026-08-03 00:00,2026-08-06 11:30,temporary
P2046,F043,LAND,2026-08-03 12:13,2026-08-06 13:36,shift
P2047,A03,F038,2026-08-03 00:00,2026-08-05 07:59,shift
P2048,A03,F037,2026-08-03 09:28,2026-08-05 11:30,shift
P2049,F006,A01,2026-08-06 08:35,2026-08-09 09:50,shift
P2050,F047,F049,2026-08-07 17:06,2026-08-09 17:12,shift
P2051,LAND,F022,2026-08-09 08:59,2026-08-09 23:59,shift
P2052,F028,LAND,2026-08-06 07:59,2026-08-08 09:16,shift
P2053,F023,LAND,2026-08-04 07:26,2026-08-04 09:35,emergency
P2054,F009,LAND,2026-08-03 08:43,2026-08-05 10:01,shift
P2055,LAND,F025,2026-08-04 15:15,2026-08-05 16:46,shift
P2056,LAND,F032,2026-08-08 06:58,2026-08-09 08:35,shift
P2057,LAND,F020,2026-08-08 07:48,2026-08-09 23:59,shift
P2058,LAND,F037,2026-08-03 00:00,2026-08-04 11:30,shift
P2059,LAND,F051,2026-08-09 07:26,2026-08-09 23:59,shift
P2060,F001,F005,2026-08-08 10:14,2026-08-09 23:59,shift
P2061,LAND,F013,2026-08-08 07:53,2026-08-09 23:59,shift
P2062,LAND,F005,2026-08-03 00:00,2026-08-05 09:40,shift
P2063,F037,F040,2026-08-03 00:00,2026-08-04 12:23,shift
P2064,LAND,F045,2026-08-04 08:54,2026-08-05 10:48,shift
P2065,LAND,F026,2026-08-07 07:20,2026-08-08 08:43,shift
P2066,F002,F004,2026-08-04 08:15,2026-08-05 08:56,shift
P2067,F008,F003,2026-08-05 10:59,2026-08-06 11:10,shift
P2068,F022,LAND,2026-08-04 09:07,2026-08-05 09:57,shift
P2069,F030,F026,2026-08-08 16:11,2026-08-09 23:59,shift
P2070,F036,LAND,2026-08-03 00:00,2026-08-05 18:22,shift
P2071,F014,F017,2026-08-07 09:23,2026-08-08 10:07,shift
P2072,F030,F026,2026-08-08 16:11,2026-08-09 16:30,shift
P2073,F026,A02,2026-08-06 08:53,2026-08-08 09:54,shift
P2074,F016,LAND,2026-08-09 10:32,2026-08-09 23:59,shift
P2075,F022,LAND,2026-08-03 09:07,2026-08-06 09:57,shift
P2076,LAND,F023,2026-08-04 06:17,2026-08-06 07:30,shift
P2077,LAND,F010,2026-08-04 07:54,2026-08-04 10:50,production
P2078,A02,F018,2026-08-08 09:11,2026-08-09 23:59,shift
P2079,LAND,F035,2026-08-09 08:00,2026-08-09 11:34,production
P2080,F015,LAND,2026-08-08 10:20,2026-08-09 23:59,shift
P2081,F001,F005,2026-08-08 10:14,2026-08-09 10:48,shift
P2082,F003,LAND,2026-08-07 08:09,2026-08-08 09:30,shift
P2083,F012,A01,2026-08-03 11:41,2026-08-06 12:47,shift
P2084,F018,F026,2026-08-03 08:39,2026-08-04 08:43,shift
P2085,F019,LAND,2026-08-09 08:20,2026-08-09 23:59,shift
P2086,LAND,F030,2026-08-04 09:40,2026-08-06 10:30,shift
P2087,F037,LAND,2026-08-06 09:05,2026-08-07 11:07,shift
P2088,LAND,F018,2026-08-09 08:39,2026-08-09 11:22,production
P2089,F031,LAND,2026-08-08 11:40,2026-08-09 12:46,shift
P2090,F006,F007,2026-08-05 09:19,2026-08-06 09:23,shift
P2091,LAND,F015,2026-08-09 08:53,2026-08-09 23:59,shift
P2092,F009,LAND,2026-08-08 10:24,2026-08-09 11:10,shift
P2093,A03,F042,2026-08-07 06:07,2026-08-08 08:10,shift
P2094,LAND,F040,2026-08-03 06:05,2026-08-05 07:53,shift
P2095,F052,LAND,2026-08-08 09:56,2026-08-09 23:59,temporary
P2096,LAND,F005,2026-08-07 09:10,2026-08-08 10:02,shift
P2097,A02,F032,2026-08-07 06:58,2026-08-09 08:35,shift
P2098,LAND,F030,2026-08-04 09:40,2026-08-06 10:30,shift
P2099,F023,F032,2026-08-03 11:47,2026-08-06 11:51,shift
P2100,F010,F007,2026-08-04 07:53,2026-08-06 08:27,shift
P2101,A02,F029,2026-08-05 09:03,2026-08-06 10:28,shift
P2102,LAND,F006,2026-08-03 09:32,2026-08-05 10:37,shift
P2103,A02,F018,2026-08-03 07:56,2026-08-04 08:48,shift
P2104,LAND,F032,2026-08-04 06:54,2026-08-07 08:31,temporary
P2105,LAND,F048,2026-08-07 08:31,2026-08-09 10:21,shift
P2106,LAND,F010,2026-08-04 07:40,2026-08-04 10:59,production
P2107,F016,F005,2026-08-07 11:22,2026-08-09 11:29,shift
P2108,F047,LAND,2026-08-05 11:11,2026-08-07 12:54,shift
P2109,F020,LAND,2026-08-03 08:07,2026-08-04 09:06,shift
P2110,LAND,F047,2026-08-05 09:18,2026-08-06 11:01,shift
P2111,LAND,F052,2026-08-09 08:03,2026-08-09 23:59,shift
P2112,F015,F009,2026-08-06 10:47,2026-08-08 10:58,shift
P2113,F025,LAND,2026-08-03 16:56,2026-08-05 17:52,temporary
P2114,F031,LAND,2026-08-05 11:38,2026-08-07 12:44,shift
P2115,F043,LAND,2026-08-04 12:13,2026-08-06 13:36,shift
P2116,LAND,F035,2026-08-09 08:40,2026-08-09 23:59,shift
P2117,F038,LAND,2026-08-03 08:19,2026-08-04 09:31,shift
P2118,F038,F039,2026-08-09 10:20,2026-08-09 23:59,shift
P2119,LAND,F002,2026-08-09 07:25,2026-08-09 23:59,shift
P2120,LAND,F014,2026-08-08 08:19,2026-08-09 23:59,shift
P2121,F044,F037,2026-08-05 12:07,2026-08-07 12:20,shift
P2122,LAND,F049,2026-08-05 09:40,2026-08-09 23:59,temporary
P2123,F024,F027,2026-08-04 16:19,2026-08-06 16:24,shift
P2124,F022,LAND,2026-08-08 10:15,2026-08-09 23:59,shift
P2125,F031,F021,2026-08-09 11:14,2026-08-09 23:59,shift
P2126,F029,LAND,2026-08-07 10:34,2026-08-09 11:26,shift
P2127,LAND,F014,2026-08-08 08:19,2026-08-09 23:59,shift
P2128,F050,F043,2026-08-07 09:47,2026-08-09 23:59,shift
P2129,LAND,F036,2026-08-05 10:09,2026-08-08 11:47,shift
P2130,F028,F018,2026-08-07 10:01,2026-08-07 12:28,production
P2131,A01,F012,2026-08-04 10:25,2026-08-05 11:31,shift
P2132,F030,LAND,2026-08-04 10:40,2026-08-07 11:30,shift
P2133,F017,LAND,2026-08-05 10:31,2026-08-08 11:13,shift
P2134,F021,LAND,2026-08-03 08:59,2026-08-05 10:09,shift
P2135,F036,LAND,2026-08-09 16:40,2026-08-09 23:59,shift
P2136,F040,F041,2026-08-04 08:40,2026-08-05 09:19,shift
P2137,LAND,F017,2026-08-09 10:11,2026-08-09 23:59,shift
P2138,A03,F052,2026-08-09 08:03,2026-08-09 23:59,shift
P2139,LAND,F017,2026-08-08 10:11,2026-08-09 23:59,shift
P2140,F023,A02,2026-08-06 16:51,2026-08-08 18:16,shift
P2141,F043,LAND,2026-08-07 08:56,2026-08-08 10:19,shift
P2142,F036,LAND,2026-08-08 16:40,2026-08-09 23:59,shift
P2143,LAND,F019,2026-08-09 07:11,2026-08-09 23:59,shift
P2144,F042,F040,2026-08-05 09:05,2026-08-05 11:15,production
P2145,LAND,F052,2026-08-09 07:08,2026-08-09 10:37,production
P2146,F031,A02,2026-08-07 11:40,2026-08-09 12:46,shift
P2147,F047,LAND,2026-08-04 11:11,2026-08-07 12:54,shift
P2148,F030,F026,2026-08-08 15:38,2026-08-08 17:21,production
P2149,F004,LAND,2026-08-03 00:00,2026-08-05 10:16,shift
P2150,F011,LAND,2026-08-03 10:58,2026-08-05 11:53,shift
P2151,F044,LAND,2026-08-04 08:33,2026-08-04 12:29,production
P2152,LAND,F017,2026-08-06 08:50,2026-08-06 11:17,production
P2153,F024,A02,2026-08-04 10:15,2026-08-04 13:09,production
P2154,A03,F038,2026-08-05 08:07,2026-08-07 09:31,shift
P2155,F028,F018,2026-08-06 10:44,2026-08-08 11:02,shift
P2156,LAND,F048,2026-08-08 08:31,2026-08-09 10:21,shift
P2157,LAND,F032,2026-08-05 06:54,2026-08-06 08:31,shift
P2158,F036,LAND,2026-08-08 16:40,2026-08-09 23:59,shift
P2159,A03,F039,2026-08-03 07:19,2026-08-04 08:30,shift
P2160,F020,LAND,2026-08-03 00:00,2026-08-05 09:06,shift
P2161,F050,F043,2026-08-08 09:47,2026-08-09 23:59,shift
P2162,F027,LAND,2026-08-07 16:20,2026-08-08 17:23,shift
P2163,LAND,F009,2026-08-04 07:53,2026-08-06 08:33,shift
P2164,F006,F007,2026-08-05 08:42,2026-08-05 10:42,production
P2165,LAND,F005,2026-08-03 08:48,2026-08-05 09:40,shift
P2166,LAND,F039,2026-08-06 09:16,2026-08-07 10:27,shift
P2167,F042,F040,2026-08-05 09:55,2026-08-06 10:04,shift
P2168,F012,F015,2026-08-05 10:21,2026-08-08 10:30,shift
P2169,F044,LAND,2026-08-07 08:22,2026-08-08 10:03,shift
P2170,F035,LAND,2026-08-06 09:43,2026-08-07 11:10,shift
P2171,LAND,F025,2026-08-04 15:15,2026-08-06 16:46,shift
P2172,LAND,F031,2026-08-08 10:14,2026-08-09 23:59,shift
P2173,A01,F004,2026-08-06 07:55,2026-08-09 08:43,shift
P2174,F050,LAND,2026-08-05 09:44,2026-08-07 11:57,shift
P2175,F046,LAND,2026-08-03 10:41,2026-08-06 12:24,temporary
P2176,F040,LAND,2026-08-03 08:03,2026-08-04 10:13,shift
P2177,F012,F015,2026-08-05 10:21,2026-08-07 10:30,shift
P2178,LAND,F041,2026-08-07 09:51,2026-08-08 12:00,shift
P2179,F019,LAND,2026-08-09 08:20,2026-08-09 23:59,shift
P2180,F032,LAND,2026-08-05 08:41,2026-08-06 09:58,shift
P2181,F027,F021,2026-08-06 07:19,2026-08-08 07:52,shift
P2182,F034,LAND,2026-08-05 10:04,2026-08-07 11:25,shift
P2183,LAND,F004,2026-08-03 00:00,2026-08-05 09:12,shift
P2184,F029,F021,2026-08-08 09:49,2026-08-09 09:54,shift
P2185,LAND,F016,2026-08-09 09:32,2026-08-09 23:59,shift
P2186,LAND,F046,2026-08-05 08:48,2026-08-07 10:31,shift
P2187,F036,F046,2026-08-03 07:50,2026-08-03 08:31,emergency
P2188,F002,F004,2026-08-03 08:15,2026-08-05 08:56,shift
P2189,F014,LAND,2026-08-04 08:17,2026-08-06 09:09,shift
P2190,F026,F033,2026-08-06 06:56,2026-08-06 09:19,production
P2191,F010,LAND,2026-08-04 09:41,2026-08-06 11:09,shift
P2192,LAND,F016,2026-08-09 09:32,2026-08-09 23:59,shift
P2193,F007,F002,2026-08-04 10:22,2026-08-07 10:31,shift
P2194,LAND,F050,2026-08-05 07:11,2026-08-07 09:24,shift
P2195,A02,F024,2026-08-07 10:01,2026-08-08 11:01,shift
P2196,F018,F026,2026-08-03 08:39,2026-08-05 08:43,shift
P2197,F010,LAND,2026-08-04 09:41,2026-08-05 11:09,shift
P2198,A03,F049,2026-08-05 06:00,2026-08-05 09:25,production
P2199,F048,F039,2026-08-06 10:52,2026-08-09 11:02,shift
P2200,F038,F045,2026-08-03 16:49,2026-08-05 16:59,shift
P2201,F019,LAND,2026-08-06 16:23,2026-08-07 17:52,shift
P2202,LAND,F005,2026-08-03 00:00,2026-08-04 09:40,shift
P2203,F033,LAND,2026-08-04 08:58,2026-08-06 10:14,shift
P2204,F034,LAND,2026-08-08 08:05,2026-08-09 09:26,shift
P2205,F029,LAND,2026-08-04 10:38,2026-08-07 11:37,shift
P2206,LAND,F043,2026-08-03 10:17,2026-08-06 12:03,shift
P2207,A01,F017,2026-08-06 08:44,2026-08-06 11:30,production
P2208,A01,F003,2026-08-03 00:00,2026-08-05 08:26,shift
P2209,F014,LAND,2026-08-09 09:49,2026-08-09 23:59,shift
P2210,F030,F026,2026-08-08 16:11,2026-08-09 23:59,shift
P2211,F040,F041,2026-08-04 08:40,2026-08-05 09:19,shift
P2212,F028,LAND,2026-08-07 07:59,2026-08-08 09:16,shift
P2213,F001,A01,2026-08-05 11:18,2026-08-07 12:42,shift
P2214,F021,F027,2026-08-03 00:00,2026-08-04 08:06,shift
P2215,F025,LAND,2026-08-06 08:24,2026-08-09 09:20,shift
P2216,LAND,F020,2026-08-09 06:56,2026-08-09 10:02,production
P2217,LAND,F051,2026-08-05 08:57,2026-08-06 10:47,shift
P2218,LAND,F051,2026-08-04 08:57,2026-08-07 10:47,shift
P2219,F051,LAND,2026-08-08 09:13,2026-08-09 23:59,shift
P2220,F052,LAND,2026-08-06 11:19,2026-08-08 13:10,shift
P2221,F036,LAND,2026-08-09 16:40,2026-08-09 23:59,shift
P2222,F039,LAND,2026-08-03 08:40,2026-08-04 09:51,shift
P2223,F048,F039,2026-08-07 10:08,2026-08-07 12:31,production
P2224,LAND,F031,2026-08-08 10:14,2026-08-09 11:20,shift
P2225,F008,F003,2026-08-05 10:59,2026-08-06 11:10,shift
P2226,F032,LAND,2026-08-08 08:45,2026-08-09 23:59,shift
P2227,LAND,F016,2026-08-05 15:06,2026-08-08 15:50,shift
P2228,LAND,F051,2026-08-04 08:57,2026-08-06 10:47,shift
P2229,LAND,F017,2026-08-05 09:39,2026-08-07 10:21,shift
P2230,LAND,F023,2026-08-03 06:17,2026-08-06 07:30,shift
P2231,F045,A03,2026-08-07 17:15,2026-08-08 18:38,shift
P2232,F028,F018,2026-08-07 10:44,2026-08-09 11:02,shift
P2233,F049,LAND,2026-08-04 08:33,2026-08-06 09:40,shift
P2234,F040,F041,2026-08-03 08:40,2026-08-05 09:19,shift
P2235,F002,LAND,2026-08-08 08:44,2026-08-09 23:59,shift
P2236,F017,F014,2026-08-06 08:42,2026-08-08 08:54,shift
P2237,F052,LAND,2026-08-06 11:19,2026-08-08 13:10,shift
P2238,F006,LAND,2026-08-03 10:57,2026-08-05 12:02,shift
P2239,LAND,F035,2026-08-08 08:40,2026-08-09 23:59,temporary
P2240,F018,F026,2026-08-03 07:42,2026-08-03 10:03,production
P2241,LAND,F021,2026-08-05 07:44,2026-08-07 08:54,shift
P2242,F022,F033,2026-08-04 09:47,2026-08-05 09:55,shift
P2243,LAND,F034,2026-08-07 06:13,2026-08-09 23:59,shift
P2244,F006,LAND,2026-08-06 08:35,2026-08-09 09:50,shift
P2245,F036,LAND,2026-08-03 16:49,2026-08-04 18:22,shift
P2246,F017,LAND,2026-08-09 11:03,2026-08-09 23:59,shift
P2247,F038,LAND,2026-08-06 09:51,2026-08-07 11:15,shift
P2248,A02,F031,2026-08-07 10:14,2026-08-09 11:20,shift
P2249,F025,LAND,2026-08-07 08:24,2026-08-09 09:20,shift
P2250,LAND,F010,2026-08-08 09:58,2026-08-09 23:59,shift
P2251,F032,LAND,2026-08-05 08:41,2026-08-06 09:58,shift
P2252,F040,A03,2026-08-07 12:05,2026-08-09 14:47,shift
P2253,LAND,F050,2026-08-04 07:11,2026-08-07 09:24,shift
P2254,F035,LAND,2026-08-08 10:17,2026-08-09 23:59,shift
P2255,F050,LAND,2026-08-09 12:50,2026-08-09 23:59,shift
P2256,F018,LAND,2026-08-05 10:32,2026-08-08 11:31,shift
P2257,LAND,F018,2026-08-05 09:13,2026-08-07 10:12,shift
P2258,LAND,F022,2026-08-09 08:59,2026-08-09 23:59,shift
P2259,F004,LAND,2026-08-03 09:22,2026-08-05 10:16,shift
P2260,F015,LAND,2026-08-05 08:29,2026-08-08 09:15,shift
P2261,LAND,F037,2026-08-06 06:53,2026-08-07 08:55,shift
P2262,A03,F041,2026-08-03 08:33,2026-08-06 10:42,shift
P2263,F045,LAND,2026-08-06 17:15,2026-08-08 18:38,shift
P2264,F033,LAND,2026-08-08 09:07,2026-08-09 10:13,shift
P2265,LAND,F010,2026-08-04 07:57,2026-08-04 10:30,production
P2266,F002,LAND,2026-08-03 08:36,2026-08-05 10:04,shift
P2267,F039,F048,2026-08-09 07:36,2026-08-09 23:59,shift
P2268,F011,LAND,2026-08-08 07:18,2026-08-08 10:05,production
P2269,F017,F014,2026-08-06 08:42,2026-08-08 08:54,shift
P2270,F019,LAND,2026-08-04 16:23,2026-08-08 17:52,temporary
P2271,F018,A02,2026-08-08 10:23,2026-08-09 23:59,shift
P2272,LAND,F026,2026-08-06 07:20,2026-08-09 23:59,temporary
P2273,F014,LAND,2026-08-09 09:49,2026-08-09 23:59,shift
P2274,LAND,F027,2026-08-07 15:07,2026-08-08 16:10,shift
P2275,LAND,F037,2026-08-03 09:28,2026-08-04 11:30,shift
P2276,F024,LAND,2026-08-06 11:21,2026-08-08 12:21,shift
P2277,F015,F009,2026-08-07 10:47,2026-08-09 10:58,shift
P2278,LAND,F006,2026-08-03 00:00,2026-08-05 10:37,temporary
P2279,F014,LAND,2026-08-09 08:51,2026-08-09 11:24,production
P2280,F019,A02,2026-08-06 16:23,2026-08-08 17:52,shift
P2281,F042,LAND,2026-08-07 08:20,2026-08-08 10:23,shift
P2282,LAND,F039,2026-08-03 07:19,2026-08-04 08:30,shift
P2283,LAND,F012,2026-08-08 07:14,2026-08-09 23:59,shift
P2284,F038,LAND,2026-08-03 00:00,2026-08-04 09:31,shift
P2285,F030,LAND,2026-08-05 10:40,2026-08-07 11:30,shift
P2286,F030,LAND,2026-08-05 10:40,2026-08-06 11:30,shift
P2287,LAND,F020,2026-08-03 07:04,2026-08-09 07:55,temporary
P2288,F008,F003,2026-08-04 10:59,2026-08-06 11:10,shift
P2289,F037,F040,2026-08-03 00:00,2026-08-05 12:23,shift
P2290,F030,A02,2026-08-07 10:44,2026-08-09 23:59,shift
P2291,LAND,F037,2026-08-06 06:53,2026-08-08 08:55,shift
P2292,LAND,F019,2026-08-08 07:11,2026-08-09 23:59,shift
P2293,LAND,F034,2026-08-08 06:00,2026-08-08 09:18,production
P2294,LAND,F032,2026-08-04 06:54,2026-08-06 08:31,shift
P2295,LAND,F009,2026-08-08 09:28,2026-08-09 23:59,shift
P2296,F044,LAND,2026-08-04 09:32,2026-08-06 11:13,shift
P2297,F036,LAND,2026-08-03 16:49,2026-08-05 18:22,shift
P2298,F022,LAND,2026-08-05 09:41,2026-08-07 10:47,shift
P2299,F012,LAND,2026-08-08 08:30,2026-08-09 23:59,shift
P2300,F021,A02,2026-08-05 09:04,2026-08-07 10:14,shift
P2301,LAND,F018,2026-08-03 00:00,2026-08-04 08:48,shift
P2302,F052,LAND,2026-08-08 09:56,2026-08-09 23:59,shift
P2303,F001,F016,2026-08-03 00:00,2026-08-04 11:46,shift
P2304,F001,LAND,2026-08-06 11:03,2026-08-06 12:53,emergency
P2305,F039,LAND,2026-08-06 10:37,2026-08-07 11:48,shift
P2306,F009,LAND,2026-08-08 10:24,2026-08-09 11:10,shift
P2307,F001,LAND,2026-08-06 10:35,2026-08-06 13:52,production
P2308,F038,F039,2026-08-08 10:20,2026-08-09 23:59,shift
P2309,A01,F017,2026-08-05 09:39,2026-08-08 10:21,shift
P2310,F013,LAND,2026-08-07 09:53,2026-08-09 23:59,shift
P2311,F017,F014,2026-08-06 08:42,2026-08-09 08:54,shift
P2312,F027,LAND,2026-08-07 16:20,2026-08-08 17:23,shift
P2313,F006,LAND,2026-08-03 10:57,2026-08-04 12:02,shift
P2314,A02,F023,2026-08-03 06:17,2026-08-05 07:30,shift
P2315,A03,F047,2026-08-08 09:57,2026-08-09 11:40,shift
P2316,F013,F002,2026-08-05 08:45,2026-08-07 09:07,shift
P2317,LAND,F022,2026-08-03 07:37,2026-08-05 08:57,shift
P2318,LAND,F002,2026-08-06 07:29,2026-08-08 08:38,shift
P2319,F042,A03,2026-08-04 12:01,2026-08-06 14:50,shift
P2320,F044,LAND,2026-08-03 09:32,2026-08-05 11:13,shift
P2321,LAND,F049,2026-08-05 06:07,2026-08-05 09:34,production
P2322,F048,LAND,2026-08-08 10:31,2026-08-09 23:59,shift
P2323,LAND,F021,2026-08-06 07:44,2026-08-08 08:54,shift
P2324,F040,LAND,2026-08-03 08:03,2026-08-05 10:13,shift
P2325,F019,LAND,2026-08-06 15:49,2026-08-06 19:22,production
P2326,LAND,F001,2026-08-09 06:12,2026-08-09 08:45,production
P2327,F044,LAND,2026-08-07 08:22,2026-08-09 10:03,shift
P2328,F038,F039,2026-08-08 10:20,2026-08-09 23:59,shift
P2329,F017,LAND,2026-08-06 10:31,2026-08-07 11:13,shift
P2330,A03,F050,2026-08-09 09:33,2026-08-09 23:59,shift
P2331,LAND,F052,2026-08-09 08:03,2026-08-09 23:59,shift
P2332,F019,LAND,2026-08-03 00:00,2026-08-06 11:45,temporary
P2333,LAND,F022,2026-08-09 08:59,2026-08-09 23:59,shift
P2334,LAND,F005,2026-08-07 09:10,2026-08-09 10:02,shift
P2335,F050,LAND,2026-08-05 09:44,2026-08-06 11:57,shift
P2336,LAND,F010,2026-08-04 08:32,2026-08-05 09:31,shift
P2337,F006,F007,2026-08-04 09:19,2026-08-07 09:23,shift
P2338,F051,A03,2026-08-05 10:57,2026-08-06 12:26,shift
P2339,LAND,F012,2026-08-08 06:33,2026-08-08 09:11,production
P2340,F049,LAND,2026-08-05 08:33,2026-08-07 09:40,shift
P2341,F001,F016,2026-08-03 00:00,2026-08-05 11:46,shift
P2342,F017,F014,2026-08-07 08:03,2026-08-07 09:56,production
P2343,LAND,F013,2026-08-05 06:47,2026-08-06 08:16,shift
P2344,F012,A01,2026-08-07 08:30,2026-08-09 09:36,shift
P2345,F044,LAND,2026-08-03 09:32,2026-08-05 11:13,shift
P2346,LAND,F027,2026-08-03 07:53,2026-08-06 08:56,shift
P2347,LAND,F025,2026-08-07 06:00,2026-08-07 09:44,production
P2348,F001,LAND,2026-08-06 11:18,2026-08-08 12:42,shift
P2349,F041,F045,2026-08-04 10:20,2026-08-05 10:27,shift
P2350,F041,F045,2026-08-03 10:20,2026-08-05 10:27,shift
P2351,A02,F032,2026-08-04 06:54,2026-08-07 08:31,shift
P2352,F043,F051,2026-08-05 10:17,2026-08-07 10:29,shift
P2353,F034,LAND,2026-08-04 10:04,2026-08-06 11:25,shift
P2354,F019,LAND,2026-08-09 08:08,2026-08-09 10:01,emergency
P2355,LAND,F031,2026-08-08 10:14,2026-08-09 11:20,shift
P2356,F001,LAND,2026-08-03 00:00,2026-08-04 09:10,shift
P2357,F038,LAND,2026-08-03 07:26,2026-08-03 10:27,production
P2358,A02,F027,2026-08-07 15:07,2026-08-08 16:10,shift
P2359,LAND,F052,2026-08-05 08:58,2026-08-07 11:09,shift
P2360,F007,LAND,2026-08-03 08:15,2026-08-04 09:29,shift
P2361,F022,LAND,2026-08-08 10:15,2026-08-09 23:59,shift
P2362,LAND,F004,2026-08-03 00:00,2026-08-04 09:12,shift
P2363,F007,A01,2026-08-08 09:01,2026-08-09 09:57,shift
P2364,LAND,F044,2026-08-03 07:31,2026-08-06 09:12,shift
P2365,LAND,F045,2026-08-07 15:11,2026-08-08 17:05,shift
P2366,F021,LAND,2026-08-06 09:04,2026-08-07 10:14,shift
P2367,F016,F005,2026-08-06 11:22,2026-08-09 11:29,shift
P2368,LAND,F012,2026-08-03 10:25,2026-08-06 11:31,shift
P2369,LAND,F048,2026-08-08 08:31,2026-08-09 23:59,shift
P2370,F017,F014,2026-08-06 08:42,2026-08-08 08:54,shift
P2371,F013,LAND,2026-08-08 09:38,2026-08-08 11:42,emergency
P2372,LAND,F006,2026-08-03 00:00,2026-08-04 10:37,shift
P2373,F051,LAND,2026-08-09 09:13,2026-08-09 23:59,shift
P2374,A03,F040,2026-08-03 00:00,2026-08-05 07:53,shift
P2375,F021,A02,2026-08-06 09:04,2026-08-08 10:14,shift
P2376,F024,LAND,2026-08-03 10:50,2026-08-06 11:50,shift
P2377,F049,LAND,2026-08-05 08:33,2026-08-07 09:40,shift
P2378,A03,F052,2026-08-08 08:03,2026-08-09 23:59,shift
P2379,F037,F040,2026-08-03 12:15,2026-08-05 12:23,shift
P2380,F052,LAND,2026-08-08 09:56,2026-08-09 23:59,shift
P2381,F040,A03,2026-08-03 00:00,2026-08-04 10:13,shift
P2382,LAND,F022,2026-08-05 08:25,2026-08-08 09:31,shift
P2383,F002,F003,2026-08-08 09:21,2026-08-09 23:59,shift
P2384,F007,F002,2026-08-04 10:22,2026-08-07 10:31,shift
P2385,F044,LAND,2026-08-03 09:32,2026-08-06 11:13,shift
P2386,LAND,F040,2026-08-03 00:00,2026-08-05 07:53,shift
P2387,F020,LAND,2026-08-03 08:07,2026-08-04 09:06,shift
P2388,F002,F004,2026-08-03 08:15,2026-08-06 08:56,shift
P2389,LAND,F033,2026-08-08 07:26,2026-08-09 23:59,shift
P2390,F019,A02,2026-08-08 08:20,2026-08-09 23:59,shift
P2391,F041,F045,2026-08-03 10:20,2026-08-06 10:27,shift
P2392,F030,F026,2026-08-08 15:33,2026-08-08 17:54,production
P2393,LAND,F022,2026-08-09 08:59,2026-08-09 23:59,shift
P2394,F026,A02,2026-08-04 08:34,2026-08-06 09:44,shift
P2395,A03,F048,2026-08-07 08:31,2026-08-09 23:59,shift
P2396,LAND,F048,2026-08-08 08:31,2026-08-09 10:21,shift
P2397,A02,F033,2026-08-05 07:32,2026-08-06 08:48,shift
P2398,F045,A03,2026-08-04 10:58,2026-08-05 12:21,shift
P2399,F019,LAND,2026-08-09 08:20,2026-08-09 23:59,shift
P2400,LAND,F008,2026-08-07 08:05,2026-08-09 23:59,shift
P2401,A02,F027,2026-08-07 15:07,2026-08-09 16:10,shift
P2402,F052,LAND,2026-08-09 09:56,2026-08-09 23:59,shift
P2403,F045,LAND,2026-08-03 10:58,2026-08-05 12:21,shift
P2404,F001,F005,2026-08-07 10:14,2026-08-09 23:59,shift
P2405,F045,LAND,2026-08-04 10:58,2026-08-05 12:21,shift
P2406,F036,LAND,2026-08-06 11:57,2026-08-07 13:00,shift
P2407,A02,F028,2026-08-03 06:15,2026-08-07 07:35,temporary
P2408,A02,F026,2026-08-04 07:14,2026-08-05 08:24,shift
P2409,A01,F002,2026-08-05 07:29,2026-08-08 08:38,shift
P2410,LAND,F001,2026-08-06 10:08,2026-08-08 11:08,shift
P2411,F051,LAND,2026-08-09 09:13,2026-08-09 23:59,shift
P2412,F009,F003,2026-08-04 10:54,2026-08-07 11:38,shift
P2413,LAND,F035,2026-08-06 08:06,2026-08-07 09:33,shift
P2414,F017,LAND,2026-08-06 10:31,2026-08-07 11:13,shift
P2415,LAND,F009,2026-08-03 07:53,2026-08-06 08:33,shift
P2416,LAND,F001,2026-08-03 06:26,2026-08-04 07:43,shift
P2417,F019,LAND,2026-08-08 08:20,2026-08-09 23:59,shift
P2418,F035,LAND,2026-08-05 09:43,2026-08-07 11:10,shift
P2419,LAND,F048,2026-08-07 08:31,2026-08-09 23:59,shift
P2420,F031,LAND,2026-08-05 11:38,2026-08-06 12:44,shift
P2421,F024,LAND,2026-08-06 11:21,2026-08-09 12:21,shift
P2422,LAND,F032,2026-08-08 06:58,2026-08-09 08:35,shift
P2423,F040,A03,2026-08-03 00:00,2026-08-04 10:13,shift
P2424,F006,LAND,2026-08-04 08:35,2026-08-09 23:59,temporary
P2425,LAND,F022,2026-08-09 08:59,2026-08-09 23:59,shift
P2426,LAND,F027,2026-08-03 07:53,2026-08-06 08:56,shift
P2427,F043,LAND,2026-08-07 08:08,2026-08-07 11:39,production
P2428,F004,F007,2026-08-03 08:10,2026-08-05 08:22,shift
P2429,A02,F020,2026-08-06 06:49,2026-08-06 08:17,emergency
P2430,F018,LAND,2026-08-09 10:23,2026-08-09 23:59,shift
P2431,F049,LAND,2026-08-04 08:33,2026-08-07 09:40,shift
P2432,LAND,F031,2026-08-05 10:12,2026-08-06 11:18,shift
P2433,LAND,F024,2026-08-03 09:30,2026-08-05 10:30,shift
P2434,F003,F007,2026-08-08 09:19,2026-08-09 23:59,shift
P2435,LAND,F032,2026-08-05 06:54,2026-08-06 08:31,shift
P2436,F013,A01,2026-08-05 08:26,2026-08-07 09:55,shift
P2437,F010,F007,2026-08-04 07:53,2026-08-06 08:27,shift
P2438,F026,LAND,2026-08-04 08:01,2026-08-04 10:53,production
P2439,F034,LAND,2026-08-08 08:05,2026-08-09 23:59,shift
P2440,LAND,F023,2026-08-07 15:16,2026-08-08 16:41,shift
P2441,F031,F021,2026-08-08 11:14,2026-08-09 23:59,shift
P2442,LAND,F043,2026-08-03 10:17,2026-08-06 12:03,shift
P2443,F013,F002,2026-08-05 08:45,2026-08-07 09:07,shift
P2444,F001,F016,2026-08-03 00:00,2026-08-05 11:46,shift
P2445,F007,F002,2026-08-05 10:22,2026-08-06 10:31,shift
P2446,LAND,F039,2026-08-05 09:16,2026-08-07 10:27,shift
P2447,LAND,F014,2026-08-09 08:19,2026-08-09 23:59,shift
P2448,LAND,F037,2026-08-03 00:00,2026-08-05 11:30,shift
P2449,F038,LAND,2026-08-03 08:19,2026-08-04 09:31,shift
P2450,LAND,F037,2026-08-05 06:53,2026-08-08 08:55,shift
P2451,F011,LAND,2026-08-04 10:58,2026-08-06 11:53,shift
P2452,F040,LAND,2026-08-07 12:05,2026-08-09 14:47,shift
P2453,LAND,F030,2026-08-05 09:40,2026-08-06 10:30,shift
P2454,F002,LAND,2026-08-06 08:48,2026-08-08 09:57,shift
P2455,F021,LAND,2026-08-06 09:04,2026-08-07 10:14,shift
P2456,LAND,F032,2026-08-05 06:54,2026-08-07 08:31,shift
P2457,LAND,F033,2026-08-07 07:26,2026-08-09 23:59,shift
P2458,F002,LAND,2026-08-08 08:44,2026-08-09 23:59,shift
P2459,F050,F043,2026-08-07 09:47,2026-08-09 23:59,shift
P2460,F002,LAND,2026-08-05 08:48,2026-08-07 09:57,shift
P2461,F003,F008,2026-08-04 10:06,2026-08-06 10:17,shift
P2462,LAND,F022,2026-08-08 08:59,2026-08-09 23:59,shift
P2463,LAND,F013,2026-08-08 07:53,2026-08-09 09:43,shift
P2464,A01,F013,2026-08-05 06:47,2026-08-06 08:16,shift
P2465,F002,LAND,2026-08-09 08:44,2026-08-09 23:59,shift
P2466,LAND,F033,2026-08-08 07:26,2026-08-09 08:57,shift
P2467,F015,A01,2026-08-06 08:29,2026-08-07 09:15,shift
P2468,F020,F019,2026-08-03 10:48,2026-08-04 10:58,shift
P2469,LAND,F020,2026-08-06 06:33,2026-08-06 09:20,production
P2470,LAND,F008,2026-08-04 07:10,2026-08-06 08:27,shift
P2471,LAND,F019,2026-08-03 09:07,2026-08-05 10:06,shift
P2472,A01,F016,2026-08-06 14:30,2026-08-06 16:35,production
P2473,F028,A02,2026-08-07 07:59,2026-08-08 09:16,shift
P2474,LAND,F050,2026-08-05 07:11,2026-08-07 09:24,shift
P2475,F046,LAND,2026-08-07 11:12,2026-08-09 23:59,shift
P2476,F021,LAND,2026-08-03 00:00,2026-08-05 10:09,shift
P2477,LAND,F043,2026-08-03 10:17,2026-08-05 12:03,shift
P2478,F036,LAND,2026-08-03 16:49,2026-08-05 18:22,shift
P2479,F007,F002,2026-08-04 10:22,2026-08-06 10:31,shift
P2480,F043,LAND,2026-08-06 08:56,2026-08-09 10:19,shift
P2481,LAND,F048,2026-08-08 08:31,2026-08-09 23:59,shift
P2482,F020,LAND,2026-08-05 08:05,2026-08-08 08:56,shift
P2483,F012,F015,2026-08-06 10:21,2026-08-08 10:30,shift
P2484,F022,LAND,2026-08-05 09:41,2026-08-08 10:47,shift
P2485,LAND,F045,2026-08-03 08:54,2026-08-06 10:48,shift
P2486,F024,LAND,2026-08-06 11:21,2026-08-09 12:21,shift
P2487,LAND,F004,2026-08-03 08:18,2026-08-04 09:12,shift
P2488,LAND,F019,2026-08-06 07:11,2026-08-09 23:59,temporary
P2489,F016,LAND,2026-08-08 10:32,2026-08-09 23:59,shift
P2490,LAND,F039,2026-08-03 00:00,2026-08-04 08:30,shift
P2491,F017,LAND,2026-08-05 10:31,2026-08-08 11:13,shift
P2492,F046,A03,2026-08-04 10:41,2026-08-07 12:24,shift
P2493,LAND,F032,2026-08-08 06:58,2026-08-09 08:35,shift
P2494,F030,A02,2026-08-08 10:44,2026-08-09 11:34,shift
P2495,LAND,F011,2026-08-07 06:36,2026-08-09 07:31,shift
P2496,F013,LAND,2026-08-04 08:26,2026-08-07 09:55,shift
P2497,F046,F047,2026-08-05 10:00,2026-08-08 10:05,shift
P2498,F028,LAND,2026-08-07 07:59,2026-08-09 09:16,shift
P2499,LAND,F017,2026-08-05 09:39,2026-08-08 10:21,shift
P2500,LAND,F046,2026-08-05 08:48,2026-08-06 10:31,shift
P2501,F023,LAND,2026-08-04 07:40,2026-08-06 09:13,shift
P2502,F005,LAND,2026-08-07 10:12,2026-08-08 11:04,shift
P2503,LAND,F012,2026-08-03 00:00,2026-08-05 11:31,temporary
P2504,F001,F005,2026-08-08 10:14,2026-08-09 10:48,shift
P2505,F049,F048,2026-08-07 07:52,2026-08-09 23:59,shift
P2506,LAND,F002,2026-08-08 07:25,2026-08-09 23:59,shift
P2507,F002,LAND,2026-08-03 08:36,2026-08-05 10:04,shift
P2508,F037,LAND,2026-08-05 09:05,2026-08-08 11:07,shift
P2509,F005,LAND,2026-08-03 09:50,2026-08-05 10:42,shift
P2510,F015,F009,2026-08-07 10:47,2026-08-08 10:58,shift
P2511,F039,A03,2026-08-05 10:37,2026-08-08 11:48,shift
P2512,LAND,F014,2026-08-09 08:19,2026-08-09 23:59,shift
P2513,F039,LAND,2026-08-05 10:37,2026-08-07 11:48,shift
P2514,LAND,F021,2026-08-03 07:39,2026-08-04 08:49,shift
P2515,F048,LAND,2026-08-07 10:31,2026-08-09 11:52,shift
P2516,F048,LAND,2026-08-04 11:44,2026-08-06 12:54,shift
P2517,A02,F018,2026-08-03 00:00,2026-08-04 08:48,shift
P2518,LAND,F024,2026-08-06 10:01,2026-08-09 11:01,shift
P2519,F038,A03,2026-08-03 00:00,2026-08-04 09:31,shift
P2520,F007,LAND,2026-08-03 00:00,2026-08-05 09:29,shift
P2521,A03,F042,2026-08-07 06:07,2026-08-09 08:10,shift
P2522,F052,F048,2026-08-08 10:34,2026-08-09 10:42,shift
P2523,F002,LAND,2026-08-06 08:48,2026-08-08 09:57,shift
P2524,F018,F026,2026-08-03 00:00,2026-08-05 08:43,shift
P2525,F033,LAND,2026-08-07 09:07,2026-08-09 23:59,shift
P2526,F015,LAND,2026-08-09 09:41,2026-08-09 12:29,production
P2527,LAND,F036,2026-08-09 15:17,2026-08-09 23:59,shift
P2528,F046,A03,2026-08-07 11:12,2026-08-09 12:55,shift
P2529,F021,A02,2026-08-06 09:04,2026-08-08 10:14,shift
P2530,F020,LAND,2026-08-06 08:05,2026-08-08 08:56,shift
P2531,LAND,F037,2026-08-03 00:00,2026-08-04 11:30,shift
P2532,F018,LAND,2026-08-08 10:23,2026-08-09 23:59,shift
P2533,F032,LAND,2026-08-04 08:41,2026-08-07 09:58,shift
P2534,F008,F003,2026-08-05 10:59,2026-08-06 11:10,shift
P2535,A02,F024,2026-08-07 10:01,2026-08-09 11:01,shift
P2536,LAND,F033,2026-08-06 07:26,2026-08-09 23:59,temporary
P2537,A01,F001,2026-08-08 06:53,2026-08-09 23:59,shift
P2538,LAND,F036,2026-08-03 00:00,2026-08-05 16:39,shift
P2539,F017,LAND,2026-08-09 11:03,2026-08-09 23:59,shift
P2540,LAND,F005,2026-08-06 09:10,2026-08-09 10:02,shift
P2541,F001,F016,2026-08-03 00:00,2026-08-05 11:46,shift
P2542,F008,LAND,2026-08-03 08:37,2026-08-06 09:54,shift
P2543,LAND,F020,2026-08-06 06:27,2026-08-06 09:23,production
P2544,A03,F038,2026-08-05 08:07,2026-08-07 09:31,shift
P2545,F022,LAND,2026-08-04 09:07,2026-08-05 09:57,shift
P2546,F016,LAND,2026-08-08 10:32,2026-08-09 23:59,shift
P2547,F020,LAND,2026-08-09 08:49,2026-08-09 23:59,shift
P2548,LAND,F027,2026-08-04 07:53,2026-08-05 08:56,shift
P2549,LAND,F010,2026-08-03 08:32,2026-08-06 09:31,shift
P2550,F031,F021,2026-08-08 11:14,2026-08-09 23:59,shift
P2551,LAND,F004,2026-08-03 07:36,2026-08-03 10:09,production
P2552,F026,LAND,2026-08-07 08:18,2026-08-07 10:49,production
P2553,F037,F040,2026-08-03 00:00,2026-08-05 12:23,temporary
P2554,F016,LAND,2026-08-08 10:32,2026-08-09 23:59,shift
P2555,LAND,F040,2026-08-07 09:13,2026-08-08 11:55,shift
P2556,F048,LAND,2026-08-05 10:46,2026-08-05 14:05,production
P2557,F018,LAND,2026-08-08 10:23,2026-08-09 23:59,shift
P2558,LAND,F051,2026-08-05 08:57,2026-08-07 10:47,shift
P2559,F028,F018,2026-08-06 10:44,2026-08-08 11:02,shift
P2560,F009,LAND,2026-08-08 10:24,2026-08-09 11:10,shift
P2561,LAND,F014,2026-08-05 07:15,2026-08-07 08:07,shift
P2562,LAND,F051,2026-08-05 08:57,2026-08-06 10:47,shift
P2563,F036,LAND,2026-08-03 00:00,2026-08-05 18:22,shift
P2564,LAND,F027,2026-08-04 07:53,2026-08-06 08:56,shift
P2565,F009,A01,2026-08-08 10:24,2026-08-09 23:59,shift
P2566,F004,A01,2026-08-07 08:53,2026-08-09 10:20,shift
P2567,F025,F027,2026-08-06 08:46,2026-08-06 11:36,production
P2568,F026,LAND,2026-08-04 08:34,2026-08-05 09:44,shift
P2569,F048,A03,2026-08-08 10:31,2026-08-09 11:52,shift
P2570,F031,A02,2026-08-08 11:40,2026-08-09 12:46,shift
P2571,A02,F027,2026-08-04 07:53,2026-08-06 08:56,shift
P2572,A02,F024,2026-08-07 10:01,2026-08-08 11:01,shift
P2573,LAND,F026,2026-08-03 07:14,2026-08-06 08:24,shift
P2574,F046,LAND,2026-08-08 11:12,2026-08-09 12:55,shift
P2575,F025,LAND,2026-08-07 08:24,2026-08-08 09:20,shift
P2576,F030,LAND,2026-08-05 10:40,2026-08-06 11:30,shift
P2577,LAND,F010,2026-08-06 09:58,2026-08-09 10:57,temporary
P2578,LAND,F022,2026-08-05 08:25,2026-08-07 09:31,shift
P2579,F052,F048,2026-08-07 10:34,2026-08-09 10:42,shift
P2580,LAND,F021,2026-08-03 07:39,2026-08-05 08:49,shift
P2581,F028,LAND,2026-08-07 07:59,2026-08-08 09:16,shift
P2582,F017,LAND,2026-08-08 11:03,2026-08-09 23:59,shift
P2583,F036,LAND,2026-08-05 11:57,2026-08-08 13:00,shift
P2584,F023,F032,2026-08-04 11:47,2026-08-05 11:51,shift
P2585,F010,LAND,2026-08-08 11:07,2026-08-09 23:59,shift
P2586,LAND,F007,2026-08-03 06:51,2026-08-05 08:05,shift
P2587,F018,LAND,2026-08-03 08:28,2026-08-03 11:29,production
P2588,F026,F033,2026-08-06 07:45,2026-08-08 07:55,shift
P2589,F032,LAND,2026-08-05 08:41,2026-08-07 09:58,shift
P2590,LAND,F029,2026-08-08 09:07,2026-08-09 10:24,shift
P2591,F050,A03,2026-08-08 12:50,2026-08-09 23:59,shift
P2592,F043,LAND,2026-08-07 08:56,2026-08-09 10:19,shift
P2593,F019,LAND,2026-08-08 08:20,2026-08-09 23:59,shift
P2594,F004,LAND,2026-08-03 00:00,2026-08-04 10:16,shift
P2595,LAND,F002,2026-08-09 07:25,2026-08-09 23:59,shift
P2596,F037,F040,2026-08-03 11:35,2026-08-03 13:43,production
P2597,LAND,F022,2026-08-09 08:59,2026-08-09 23:59,shift
P2598,A02,F019,2026-08-09 07:11,2026-08-09 23:59,shift
P2599,LAND,F046,2026-08-08 09:19,2026-08-09 11:02,shift
P2600,F020,LAND,2026-08-05 08:05,2026-08-08 08:56,shift
P2601,LAND,F002,2026-08-05 07:29,2026-08-07 08:38,shift
P2602,F012,F015,2026-08-06 10:21,2026-08-07 10:30,shift
P2603,F045,LAND,2026-08-07 17:15,2026-08-09 18:38,shift
P2604,LAND,F048,2026-08-08 08:31,2026-08-09 10:21,shift
P2605,F014,F017,2026-08-07 09:23,2026-08-09 10:07,shift
P2606,F037,LAND,2026-08-03 11:40,2026-08-05 13:42,shift
P2607,F033,LAND,2026-08-07 09:07,2026-08-09 23:59,shift
P2608,F034,LAND,2026-08-04 10:04,2026-08-07 11:25,shift
P2609,F041,LAND,2026-08-03 10:52,2026-08-06 13:37,shift
P2610,F004,LAND,2026-08-06 08:53,2026-08-08 10:20,shift
P2611,LAND,F038,2026-08-05 08:07,2026-08-07 09:31,shift
P2612,F043,LAND,2026-08-04 12:13,2026-08-05 13:36,shift
P2613,F032,F025,2026-08-08 08:20,2026-08-09 23:59,shift
P2614,LAND,F018,2026-08-06 09:13,2026-08-08 10:12,shift
P2615,LAND,F010,2026-08-08 09:58,2026-08-09 23:59,shift
P2616,F022,LAND,2026-08-05 09:41,2026-08-08 10:47,shift
P2617,LAND,F029,2026-08-08 09:07,2026-08-09 10:24,shift
P2618,LAND,F039,2026-08-05 09:16,2026-08-08 10:27,shift
P2619,LAND,F048,2026-08-05 09:57,2026-08-07 11:34,shift
P2620,LAND,F034,2026-08-08 06:00,2026-08-08 08:42,production
P2621,F049,A03,2026-08-08 11:45,2026-08-09 23:59,shift
P2622,F019,A02,2026-08-03 09:33,2026-08-03 12:42,production
P2623,F001,F005,2026-08-07 10:14,2026-08-09 10:48,shift
P2624,F027,F021,2026-08-06 07:19,2026-08-08 07:52,shift
P2625,A01,F002,2026-08-09 07:25,2026-08-09 23:59,shift
P2626,F022,LAND,2026-08-04 09:07,2026-08-05 09:57,shift
P2627,LAND,F025,2026-08-04 15:15,2026-08-06 16:46,shift
P2628,F031,LAND,2026-08-07 11:40,2026-08-09 12:46,shift
P2629,F008,LAND,2026-08-07 09:32,2026-08-09 10:49,shift
P2630,F052,LAND,2026-08-08 09:56,2026-08-09 23:59,shift
P2631,F032,F025,2026-08-08 08:20,2026-08-09 23:59,shift
P2632,LAND,F011,2026-08-03 09:43,2026-08-06 10:38,shift
P2633,LAND,F021,2026-08-08 08:21,2026-08-09 23:59,shift
P2634,F041,F045,2026-08-03 10:20,2026-08-06 10:27,shift
P2635,F012,F015,2026-08-05 10:21,2026-08-08 10:30,shift
P2636,A03,F043,2026-08-03 10:17,2026-08-06 12:03,shift
P2637,LAND,F021,2026-08-08 08:21,2026-08-09 23:59,shift
P2638,F049,LAND,2026-08-07 11:45,2026-08-09 13:02,shift
P2639,F050,LAND,2026-08-04 09:44,2026-08-07 11:57,shift
P2640,F045,LAND,2026-08-03 10:58,2026-08-05 12:21,shift
P2641,F005,LAND,2026-08-03 00:00,2026-08-05 10:42,shift
P2642,LAND,F031,2026-08-08 10:14,2026-08-09 11:20,shift
P2643,LAND,F038,2026-08-03 06:47,2026-08-05 07:59,shift
P2644,LAND,F018,2026-08-05 09:13,2026-08-08 10:12,shift
P2645,F043,LAND,2026-08-04 11:24,2026-08-04 14:27,production
P2646,F022,LAND,2026-08-05 09:41,2026-08-08 10:47,shift
P2647,LAND,F049,2026-08-05 06:41,2026-08-07 08:23,shift
P2648,LAND,F043,2026-08-03 10:17,2026-08-06 12:03,shift
P2649,LAND,F039,2026-08-05 09:16,2026-08-08 10:27,shift
P2650,LAND,F041,2026-08-06 09:51,2026-08-09 12:00,shift
P2651,F003,LAND,2026-08-06 08:09,2026-08-09 09:30,shift
P2652,F021,LAND,2026-08-03 08:59,2026-08-04 10:09,shift
P2653,F031,A02,2026-08-08 10:45,2026-08-08 13:49,production
P2654,LAND,F045,2026-08-07 15:11,2026-08-09 17:05,shift
P2655,F042,LAND,2026-08-04 12:01,2026-08-06 14:50,shift
P2656,F005,LAND,2026-08-06 10:12,2026-08-09 11:04,shift
P2657,LAND,F020,2026-08-06 07:04,2026-08-08 07:55,shift
P2658,F004,A01,2026-08-07 08:53,2026-08-09 10:20,shift
P2659,F045,A03,2026-08-06 17:15,2026-08-08 18:38,shift
P2660,F021,LAND,2026-08-03 00:00,2026-08-05 10:09,shift
P2661,LAND,F005,2026-08-03 00:00,2026-08-04 09:40,shift
P2662,F009,LAND,2026-08-04 08:43,2026-08-06 10:01,shift
P2663,LAND,F036,2026-08-03 15:06,2026-08-04 16:39,shift
P2664,F017,LAND,2026-08-06 11:03,2026-08-09 23:59,temporary
P2665,LAND,F002,2026-08-08 07:25,2026-08-09 23:59,shift
P2666,F049,F048,2026-08-07 07:52,2026-08-09 23:59,shift
P2667,LAND,F044,2026-08-06 06:21,2026-08-09 08:02,shift
P2668,F005,LAND,2026-08-07 10:12,2026-08-09 11:04,shift
P2669,LAND,F004,2026-08-03 00:00,2026-08-05 09:12,shift
P2670,F028,F018,2026-08-06 10:44,2026-08-08 11:02,shift
P2671,F039,F048,2026-08-09 07:36,2026-08-09 23:59,shift
P2672,LAND,F049,2026-08-08 09:40,2026-08-09 23:59,shift
P2673,F021,LAND,2026-08-05 09:04,2026-08-08 10:14,shift
P2674,LAND,F038,2026-08-03 06:47,2026-08-05 07:59,shift
P2675,LAND,F021,2026-08-06 06:51,2026-08-06 10:23,production
P2676,F003,F007,2026-08-08 09:19,2026-08-09 23:59,shift
P2677,LAND,F036,2026-08-09 14:44,2026-08-09 17:33,production
P2678,LAND,F024,2026-08-07 10:01,2026-08-08 11:01,shift
P2679,F036,LAND,2026-08-08 16:40,2026-08-09 23:59,shift
P2680,F022,LAND,2026-08-03 09:07,2026-08-05 09:57,shift
P2681,LAND,F032,2026-08-04 06:54,2026-08-07 08:31,shift
P2682,LAND,F017,2026-08-08 10:11,2026-08-09 23:59,shift
P2683,A02,F029,2026-08-05 09:03,2026-08-07 10:28,shift
P2684,F001,LAND,2026-08-06 11:18,2026-08-07 12:42,shift
P2685,F038,LAND,2026-08-03 00:00,2026-08-05 09:31,shift
P2686,F002,F004,2026-08-03 08:15,2026-08-05 08:56,shift
P2687,F043,LAND,2026-08-07 08:56,2026-08-09 10:19,shift
P2688,LAND,F001,2026-08-06 10:08,2026-08-07 11:08,shift
P2689,LAND,F018,2026-08-09 09:11,2026-08-09 23:59,shift
P2690,F019,F033,2026-08-03 09:47,2026-08-04 09:54,shift
P2691,LAND,F012,2026-08-07 07:14,2026-08-09 08:20,shift
P2692,LAND,F048,2026-08-07 08:31,2026-08-09 23:59,shift
P2693,F010,F007,2026-08-05 07:53,2026-08-07 08:27,shift
P2694,F009,F003,2026-08-05 10:54,2026-08-07 11:38,shift
P2695,LAND,F003,2026-08-03 00:00,2026-08-04 08:26,shift
P2696,F015,LAND,2026-08-05 08:29,2026-08-07 09:15,shift
P2697,F018,LAND,2026-08-08 10:23,2026-08-09 23:59,shift
P2698,LAND,F012,2026-08-03 10:25,2026-08-06 11:31,shift
P2699,F047,LAND,2026-08-05 11:11,2026-08-06 12:54,shift
P2700,LAND,F049,2026-08-08 09:40,2026-08-09 11:35,shift
P2701,F027,F021,2026-08-07 07:19,2026-08-08 07:52,shift
P2702,LAND,F002,2026-08-08 07:25,2026-08-09 23:59,shift
P2703,F014,A01,2026-08-05 07:25,2026-08-05 10:14,production
P2704,F017,F014,2026-08-07 08:42,2026-08-09 08:54,shift
P2705,F018,A02,2026-08-03 09:08,2026-08-05 10:00,shift
P2706,F004,F007,2026-08-03 08:10,2026-08-05 08:22,shift
P2707,F045,LAND,2026-08-03 10:58,2026-08-06 12:21,shift
P2708,F036,LAND,2026-08-03 00:00,2026-08-04 18:22,shift
P2709,F045,LAND,2026-08-03 10:58,2026-08-06 12:21,shift
P2710,LAND,F026,2026-08-03 07:14,2026-08-06 08:24,shift
P2711,LAND,F022,2026-08-06 07:41,2026-08-06 10:28,production
P2712,LAND,F048,2026-08-08 08:31,2026-08-09 23:59,shift
P2713,F044,LAND,2026-08-03 09:32,2026-08-05 11:13,shift
P2714,F051,LAND,2026-08-09 09:13,2026-08-09 23:59,shift
P2715,LAND,F002,2026-08-09 07:25,2026-08-09 23:59,shift
P2716,LAND,F004,2026-08-03 08:18,2026-08-05 09:12,shift
P2717,LAND,F002,2026-08-06 07:29,2026-08-08 08:38,shift
P2718,LAND,F006,2026-08-03 09:32,2026-08-05 10:37,shift
P2719,LAND,F003,2026-08-06 07:12,2026-08-09 07:59,shift
P2720,LAND,F009,2026-08-03 07:53,2026-08-06 08:33,shift
P2721,LAND,F039,2026-08-06 08:28,2026-08-06 11:37,production
P2722,LAND,F020,2026-08-05 07:04,2026-08-08 07:55,shift
P2723,LAND,F002,2026-08-08 07:25,2026-08-09 23:59,shift
P2724,LAND,F002,2026-08-08 07:25,2026-08-09 23:59,shift
P2725,LAND,F005,2026-08-07 09:10,2026-08-08 10:02,shift
P2726,LAND,F051,2026-08-08 07:26,2026-08-09 23:59,shift
P2727,LAND,F040,2026-08-03 06:05,2026-08-04 07:53,shift
P2728,F038,F039,2026-08-09 10:20,2026-08-09 23:59,shift
P2729,F002,LAND,2026-08-03 07:56,2026-08-03 10:55,production
P2730,A03,F042,2026-08-07 06:07,2026-08-09 08:10,shift
P2731,LAND,F016,2026-08-09 09:32,2026-08-09 23:59,shift
P2732,F008,A01,2026-08-03 08:37,2026-08-06 09:54,shift
P2733,F032,LAND,2026-08-07 08:45,2026-08-09 23:59,shift
P2734,F023,LAND,2026-08-07 16:51,2026-08-08 18:16,shift
P2735,F028,LAND,2026-08-05 07:45,2026-08-06 09:05,shift
P2736,LAND,F016,2026-08-05 15:06,2026-08-07 15:50,shift
P2737,F045,F048,2026-08-06 08:40,2026-08-08 09:14,shift
P2738,A01,F007,2026-08-08 07:30,2026-08-09 08:51,shift
P2739,F021,LAND,2026-08-03 00:00,2026-08-05 10:09,shift
P2740,F004,LAND,2026-08-03 09:22,2026-08-05 10:16,shift
P2741,LAND,F012,2026-08-08 07:14,2026-08-09 08:20,shift
P2742,LAND,F039,2026-08-03 07:19,2026-08-05 08:30,shift
P2743,A03,F048,2026-08-08 08:31,2026-08-09 10:21,shift
P2744,F027,LAND,2026-08-07 16:20,2026-08-08 17:23,shift
P2745,F008,LAND,2026-08-04 07:47,2026-08-04 10:49,production
P2746,LAND,F040,2026-08-07 09:13,2026-08-09 11:55,shift
P2747,F031,F021,2026-08-09 10:33,2026-08-09 12:56,production
P2748,F005,LAND,2026-08-04 10:12,2026-08-08 11:04,temporary
P2749,F021,F027,2026-08-03 07:31,2026-08-05 08:06,shift
P2750,F005,A01,2026-08-07 10:12,2026-08-08 11:04,shift
P2751,LAND,F042,2026-08-04 09:02,2026-08-05 11:51,shift
P2752,F035,LAND,2026-08-09 10:17,2026-08-09 23:59,shift
P2753,A01,F012,2026-08-07 07:14,2026-08-09 08:20,shift
P2754,F004,LAND,2026-08-03 09:22,2026-08-05 10:16,shift
P2755,F051,A03,2026-08-05 10:57,2026-08-06 12:26,shift
P2756,F026,LAND,2026-08-06 08:53,2026-08-09 09:54,shift
P2757,F035,LAND,2026-08-05 09:43,2026-08-07 11:10,shift
P2758,F045,F048,2026-08-06 08:40,2026-08-07 09:14,shift
P2759,LAND,F049,2026-08-05 06:41,2026-08-07 08:23,shift
P2760,F029,F021,2026-08-07 09:49,2026-08-09 23:59,temporary
P2761,F034,LAND,2026-08-08 08:05,2026-08-09 23:59,shift
P2762,F021,LAND,2026-08-03 08:59,2026-08-05 10:09,shift
P2763,F042,F040,2026-08-04 09:55,2026-08-06 10:04,shift
P2764,LAND,F011,2026-08-07 06:36,2026-08-09 07:31,shift
P2765,F027,F021,2026-08-06 07:19,2026-08-09 07:52,shift
P2766,LAND,F043,2026-08-07 07:00,2026-08-08 08:46,shift
P2767,LAND,F014,2026-08-04 07:15,2026-08-06 08:07,shift
P2768,LAND,F011,2026-08-07 06:36,2026-08-09 07:31,shift
P2769,LAND,F028,2026-08-05 06:15,2026-08-07 07:35,shift
P2770,F005,LAND,2026-08-03 00:00,2026-08-06 10:42,temporary
P2771,A02,F027,2026-08-07 15:07,2026-08-09 16:10,shift
P2772,F048,F039,2026-08-07 10:52,2026-08-08 11:02,shift
P2773,F046,LAND,2026-08-07 11:12,2026-08-09 23:59,shift
P2774,F014,F017,2026-08-07 09:23,2026-08-08 10:07,shift
P2775,LAND,F040,2026-08-03 00:00,2026-08-05 07:53,shift
P2776,LAND,F048,2026-08-04 09:57,2026-08-07 11:34,shift
P2777,F014,LAND,2026-08-04 08:17,2026-08-06 09:09,shift
P2778,A02,F034,2026-08-07 06:13,2026-08-09 23:59,shift
P2779,LAND,F042,2026-08-07 06:00,2026-08-07 09:06,production
P2780,F001,LAND,2026-08-06 11:18,2026-08-08 12:42,shift
P2781,F037,LAND,2026-08-03 11:40,2026-08-05 13:42,shift
P2782,LAND,F050,2026-08-08 09:33,2026-08-09 23:59,shift
P2783,LAND,F044,2026-08-06 06:21,2026-08-08 08:02,shift
P2784,F017,LAND,2026-08-06 10:31,2026-08-08 11:13,shift
P2785,LAND,F052,2026-08-09 07:33,2026-08-09 11:03,production
P2786,LAND,F042,2026-08-06 06:07,2026-08-08 08:10,shift
P2787,LAND,F052,2026-08-06 08:58,2026-08-08 11:09,shift
P2788,F030,LAND,2026-08-05 09:40,2026-08-05 12:24,production
P2789,LAND,F017,2026-08-09 10:11,2026-08-09 23:59,shift
P2790,A02,F023,2026-08-04 06:17,2026-08-06 07:30,shift
P2791,A02,F025,2026-08-03 00:00,2026-08-07 16:46,temporary
P2792,F033,LAND,2026-08-04 08:58,2026-08-07 10:14,shift
P2793,A01,F004,2026-08-03 00:00,2026-08-05 09:12,shift
P2794,LAND,F009,2026-08-03 07:53,2026-08-05 08:33,shift
P2795,F024,F027,2026-08-05 16:19,2026-08-06 16:24,shift
P2796,LAND,F029,2026-08-07 09:07,2026-08-09 10:24,shift
P2797,F030,LAND,2026-08-05 10:44,2026-08-09 23:59,temporary
P2798,F041,LAND,2026-08-03 10:52,2026-08-05 13:37,shift
P2799,LAND,F039,2026-08-03 00:00,2026-08-05 08:30,shift
P2800,F009,LAND,2026-08-04 08:43,2026-08-05 10:01,shift
P2801,LAND,F045,2026-08-04 08:54,2026-08-05 10:48,shift
P2802,F045,LAND,2026-08-04 10:58,2026-08-06 12:21,shift
P2803,F006,A01,2026-08-03 10:09,2026-08-03 12:53,production
P2804,F044,LAND,2026-08-07 08:22,2026-08-09 10:03,shift
P2805,LAND,F009,2026-08-08 08:46,2026-08-08 11:42,production
P2806,F012,F015,2026-08-04 10:21,2026-08-08 10:30,temporary
P2807,LAND,F013,2026-08-08 07:53,2026-08-09 09:43,shift
P2808,F020,LAND,2026-08-09 08:49,2026-08-09 23:59,shift
P2809,LAND,F022,2026-08-09 08:59,2026-08-09 23:59,shift
P2810,A02,F029,2026-08-05 09:03,2026-08-06 10:28,shift
P2811,F007,LAND,2026-08-08 09:01,2026-08-09 23:59,shift
P2812,F037,LAND,2026-08-05 09:05,2026-08-07 11:07,shift
P2813,F027,F021,2026-08-06 07:19,2026-08-08 07:52,shift
P2814,F027,F021,2026-08-06 07:19,2026-08-08 07:52,shift
P2815,LAND,F008,2026-08-03 00:00,2026-08-06 08:27,temporary
P2816,F009,LAND,2026-08-04 08:35,2026-08-04 10:20,emergency
P2817,F048,LAND,2026-08-07 10:31,2026-08-09 23:59,shift
P2818,F037,LAND,2026-08-05 09:05,2026-08-07 11:07,shift
P2819,A01,F002,2026-08-06 06:56,2026-08-06 10:07,production
P2820,LAND,F033,2026-08-07 07:26,2026-08-09 23:59,shift
P2821,F008,F003,2026-08-05 10:59,2026-08-06 11:10,shift
P2822,A02,F019,2026-08-06 07:11,2026-08-09 23:59,temporary
P2823,F003,F007,2026-08-09 09:19,2026-08-09 23:59,shift
P2824,LAND,F046,2026-08-07 09:19,2026-08-09 23:59,shift
P2825,LAND,F017,2026-08-06 09:39,2026-08-07 10:21,shift
P2826,LAND,F033,2026-08-07 07:26,2026-08-09 08:57,shift
P2827,F024,LAND,2026-08-04 10:50,2026-08-06 11:50,shift
P2828,LAND,F039,2026-08-03 00:00,2026-08-04 08:30,shift
P2829,LAND,F002,2026-08-05 07:29,2026-08-08 08:38,shift
P2830,F047,A03,2026-08-07 11:50,2026-08-09 23:59,shift
P2831,LAND,F020,2026-08-06 06:30,2026-08-06 08:47,production
P2832,A03,F049,2026-08-07 09:40,2026-08-09 11:35,shift
P2833,F002,A01,2026-08-03 07:36,2026-08-03 11:32,production
P2834,F015,LAND,2026-08-08 10:20,2026-08-09 23:59,shift
P2835,LAND,F044,2026-08-04 07:31,2026-08-06 09:12,shift
P2836,LAND,F017,2026-08-08 10:11,2026-08-09 23:59,shift
P2837,LAND,F045,2026-08-06 15:11,2026-08-09 17:05,shift
P2838,LAND,F021,2026-08-03 00:00,2026-08-05 08:49,shift
P2839,LAND,F050,2026-08-09 09:33,2026-08-09 23:59,shift
P2840,A01,F010,2026-08-03 08:32,2026-08-06 09:31,shift
P2841,LAND,F045,2026-08-03 08:54,2026-08-06 10:48,shift
P2842,F036,F049,2026-08-09 11:56,2026-08-09 23:59,shift
P2843,A03,F044,2026-08-07 06:21,2026-08-08 08:02,shift
P2844,LAND,F014,2026-08-05 07:15,2026-08-07 08:07,shift
P2845,F046,F047,2026-08-05 10:00,2026-08-08 10:05,shift
P2846,LAND,F040,2026-08-03 00:00,2026-08-04 07:53,shift
P2847,LAND,F051,2026-08-05 08:57,2026-08-07 10:47,shift
P2848,LAND,F025,2026-08-07 06:43,2026-08-08 08:14,shift
P2849,F014,LAND,2026-08-08 09:49,2026-08-09 23:59,shift
P2850,A03,F047,2026-08-07 09:57,2026-08-09 11:40,shift
P2851,F021,LAND,2026-08-09 09:41,2026-08-09 23:59,shift
P2852,F022,LAND,2026-08-03 09:07,2026-08-05 09:57,shift
P2853,LAND,F034,2026-08-07 06:13,2026-08-09 07:55,shift
P2854,LAND,F049,2026-08-08 09:40,2026-08-09 23:59,shift
P2855,F009,F003,2026-08-05 10:54,2026-08-06 11:38,shift
P2856,F038,LAND,2026-08-03 08:19,2026-08-05 09:31,shift
P2857,F040,A03,2026-08-03 00:00,2026-08-05 10:13,shift
P2858,LAND,F048,2026-08-05 09:57,2026-08-06 11:34,shift
P2859,LAND,F009,2026-08-06 09:28,2026-08-09 10:14,temporary
P2860,F051,LAND,2026-08-09 09:13,2026-08-09 23:59,shift
P2861,F043,A03,2026-08-04 12:13,2026-08-05 13:36,shift
P2862,F020,F019,2026-08-03 10:48,2026-08-04 10:58,shift
P2863,A03,F046,2026-08-08 09:19,2026-08-09 23:59,shift
P2864,LAND,F028,2026-08-07 06:10,2026-08-09 07:49,shift
P2865,F038,LAND,2026-08-06 09:16,2026-08-06 12:00,production
P2866,LAND,F001,2026-08-09 06:53,2026-08-09 23:59,shift
P2867,LAND,F026,2026-08-04 07:14,2026-08-05 08:24,shift
P2868,F016,LAND,2026-08-06 15:16,2026-08-06 18:11,production
P2869,LAND,F010,2026-08-03 08:32,2026-08-05 09:31,shift
P2870,F047,F049,2026-08-07 17:06,2026-08-09 17:12,shift
P2871,LAND,F041,2026-08-07 08:55,2026-08-07 13:13,production
P2872,F019,LAND,2026-08-03 00:00,2026-08-04 11:45,shift
P2873,LAND,F019,2026-08-06 15:14,2026-08-08 16:13,shift
P2874,F026,LAND,2026-08-06 08:53,2026-08-08 09:54,shift
P2875,F002,LAND,2026-08-06 08:48,2026-08-07 09:57,shift
P2876,LAND,F007,2026-08-07 07:30,2026-08-09 08:51,shift
P2877,LAND,F025,2026-08-04 15:15,2026-08-06 16:46,shift
P2878,LAND,F011,2026-08-03 09:43,2026-08-06 10:38,shift
P2879,F024,F027,2026-08-04 16:19,2026-08-06 16:24,shift
P2880,LAND,F002,2026-08-06 07:29,2026-08-08 08:38,shift
P2881,LAND,F040,2026-08-03 00:00,2026-08-05 07:53,shift
P2882,F042,LAND,2026-08-06 08:20,2026-08-09 10:23,shift
P2883,F007,F002,2026-08-04 10:22,2026-08-07 10:31,shift
P2884,F026,F033,2026-08-05 07:45,2026-08-07 07:55,shift
P2885,LAND,F006,2026-08-06 07:00,2026-08-08 08:15,shift
P2886,F039,LAND,2026-08-03 00:00,2026-08-05 09:51,shift
P2887,F018,LAND,2026-08-06 10:32,2026-08-08 11:31,shift
P2888,F019,LAND,2026-08-03 00:00,2026-08-05 11:45,shift
P2889,LAND,F042,2026-08-03 09:02,2026-08-05 11:51,shift
P2890,F036,LAND,2026-08-08 16:40,2026-08-09 23:59,shift
P2891,F001,F016,2026-08-03 00:00,2026-08-04 11:46,shift
P2892,F040,LAND,2026-08-03 07:26,2026-08-03 11:38,production
P2893,LAND,F049,2026-08-08 09:40,2026-08-09 23:59,shift
P2894,F004,F007,2026-08-04 08:10,2026-08-06 08:22,shift
P2895,F024,F027,2026-08-04 16:19,2026-08-06 16:24,shift
P2896,LAND,F034,2026-08-07 06:13,2026-08-09 07:55,shift
P2897,F025,F027,2026-08-06 09:36,2026-08-07 10:11,shift
P2898,A01,F016,2026-08-08 09:32,2026-08-09 23:59,shift
P2899,F042,F040,2026-08-05 09:55,2026-08-06 10:04,shift
P2900,LAND,F031,2026-08-08 10:14,2026-08-09 11:20,shift
P2901,LAND,F038,2026-08-06 08:07,2026-08-08 09:31,shift
P2902,LAND,F023,2026-08-06 15:16,2026-08-09 16:41,shift
P2903,F006,LAND,2026-08-03 10:57,2026-08-04 12:02,shift
P2904,LAND,F018,2026-08-05 09:13,2026-08-07 10:12,shift
P2905,F033,A02,2026-08-08 09:07,2026-08-09 23:59,shift
P2906,F020,LAND,2026-08-05 08:05,2026-08-08 08:56,shift
P2907,LAND,F024,2026-08-03 09:30,2026-08-06 10:30,shift
P2908,LAND,F014,2026-08-05 07:15,2026-08-06 08:07,shift
P2909,F010,LAND,2026-08-08 11:07,2026-08-09 23:59,shift
P2910,F017,LAND,2026-08-08 11:03,2026-08-09 23:59,shift
P2911,F008,F003,2026-08-05 10:59,2026-08-06 11:10,shift
P2912,A03,F038,2026-08-03 00:00,2026-08-04 07:59,shift
P2913,LAND,F039,2026-08-03 00:00,2026-08-05 08:30,shift
P2914,A03,F048,2026-08-05 09:57,2026-08-06 11:34,shift
P2915,F038,A03,2026-08-06 09:51,2026-08-08 11:15,shift
P2916,F005,LAND,2026-08-07 09:18,2026-08-07 11:55,production
P2917,F014,LAND,2026-08-09 09:49,2026-08-09 23:59,shift
P2918,F035,LAND,2026-08-09 10:17,2026-08-09 23:59,shift
P2919,F040,F041,2026-08-03 08:40,2026-08-06 09:19,shift
P2920,F007,F002,2026-08-04 10:22,2026-08-07 10:31,shift
P2921,F019,LAND,2026-08-03 10:16,2026-08-05 11:45,shift
P2922,LAND,F049,2026-08-05 06:00,2026-08-05 09:40,production
P2923,F024,A02,2026-08-07 10:25,2026-08-07 13:45,production
P2924,F021,A02,2026-08-05 09:04,2026-08-08 10:14,shift
P2925,F019,F033,2026-08-03 09:47,2026-08-05 09:54,shift
P2926,F051,LAND,2026-08-05 10:57,2026-08-06 12:26,shift
P2927,F016,LAND,2026-08-05 16:00,2026-08-07 17:13,shift
P2928,LAND,F001,2026-08-03 06:26,2026-08-05 07:43,shift
P2929,A01,F003,2026-08-03 00:00,2026-08-05 08:26,shift
P2930,LAND,F051,2026-08-04 08:57,2026-08-07 10:47,shift
P2931,F038,F045,2026-08-03 00:00,2026-08-05 16:59,shift
P2932,LAND,F024,2026-08-04 09:30,2026-08-06 10:30,shift
P2933,LAND,F032,2026-08-07 06:58,2026-08-09 23:59,shift
P2934,F031,F021,2026-08-08 11:14,2026-08-09 23:59,shift
P2935,LAND,F040,2026-08-03 06:05,2026-08-05 07:53,shift
P2936,F042,LAND,2026-08-06 08:20,2026-08-08 10:23,shift
P2937,F028,LAND,2026-08-05 07:45,2026-08-07 09:05,shift
P2938,LAND,F002,2026-08-05 07:29,2026-08-07 08:38,shift
P2939,A03,F045,2026-08-06 15:11,2026-08-08 17:05,shift
P2940,LAND,F033,2026-08-08 07:26,2026-08-09 08:57,shift
P2941,F003,F008,2026-08-03 10:06,2026-08-06 10:17,shift
P2942,A01,F001,2026-08-09 06:53,2026-08-09 23:59,shift
P2943,LAND,F023,2026-08-07 14:36,2026-08-07 17:38,production
P2944,F022,LAND,2026-08-06 09:41,2026-08-08 10:47,shift
P2945,LAND,F051,2026-08-04 08:57,2026-08-07 10:47,shift
P2946,F013,F002,2026-08-05 08:45,2026-08-08 09:07,shift
P2947,F043,F051,2026-08-04 10:17,2026-08-06 10:29,temporary
P2948,F048,LAND,2026-08-07 10:31,2026-08-09 23:59,shift
P2949,F029,LAND,2026-08-04 10:38,2026-08-07 11:37,shift
P2950,F030,LAND,2026-08-07 10:44,2026-08-09 11:34,shift
P2951,F052,F048,2026-08-08 10:34,2026-08-09 23:59,shift
P2952,F002,LAND,2026-08-09 08:44,2026-08-09 23:59,shift
P2953,LAND,F014,2026-08-05 07:15,2026-08-06 08:07,shift
P2954,F045,F048,2026-08-05 08:40,2026-08-09 09:14,temporary
P2955,LAND,F025,2026-08-06 06:43,2026-08-09 08:14,shift
P2956,A03,F037,2026-08-05 06:53,2026-08-08 08:55,shift
P2957,F036,F046,2026-08-03 08:00,2026-08-04 08:10,shift
P2958,F026,F033,2026-08-06 07:45,2026-08-07 07:55,shift
P2959,F002,LAND,2026-08-09 08:44,2026-08-09 23:59,shift
P2960,F001,F016,2026-08-03 11:33,2026-08-05 11:46,shift
P2961,F029,LAND,2026-08-04 10:38,2026-08-07 11:37,shift
P2962,F028,A02,2026-08-06 07:59,2026-08-08 09:16,shift
P2963,F038,F045,2026-08-03 16:49,2026-08-04 16:59,shift
P2964,F047,LAND,2026-08-05 11:11,2026-08-07 12:54,shift
P2965,LAND,F042,2026-08-06 06:07,2026-08-09 08:10,shift
P2966,LAND,F041,2026-08-04 08:33,2026-08-05 10:42,shift
P2967,F027,A02,2026-08-06 16:20,2026-08-08 17:23,shift
P2968,LAND,F039,2026-08-06 09:16,2026-08-08 10:27,shift
P2969,A01,F014,2026-08-08 08:19,2026-08-09 23:59,shift
P2970,F051,A03,2026-08-04 10:57,2026-08-07 12:26,shift
P2971,LAND,F026,2026-08-04 07:14,2026-08-06 08:24,shift
P2972,A03,F050,2026-08-05 07:11,2026-08-07 09:24,shift
P2973,F050,A03,2026-08-04 09:44,2026-08-07 11:57,shift
P2974,LAND,F036,2026-08-06 10:09,2026-08-07 11:47,shift
P2975,F014,A01,2026-08-05 08:17,2026-08-06 09:09,shift
P2976,F025,LAND,2026-08-06 08:24,2026-08-09 09:20,shift
P2977,F045,A03,2026-08-03 10:58,2026-08-06 12:21,shift
P2978,LAND,F011,2026-08-03 09:43,2026-08-06 10:38,shift
P2979,F037,F040,2026-08-03 12:15,2026-08-04 12:23,shift
P2980,F013,LAND,2026-08-08 09:53,2026-08-09 23:59,shift
P2981,F020,LAND,2026-08-03 08:07,2026-08-04 09:06,shift
P2982,LAND,F009,2026-08-03 07:53,2026-08-05 08:33,shift
P2983,F048,LAND,2026-08-07 10:31,2026-08-09 23:59,shift
P2984,A03,F042,2026-08-06 06:07,2026-08-09 08:10,shift
P2985,F007,LAND,2026-08-07 09:01,2026-08-09 23:59,shift
P2986,F034,LAND,2026-08-04 10:04,2026-08-06 11:25,shift
P2987,F039,LAND,2026-08-06 10:37,2026-08-07 11:48,shift
P2988,F026,LAND,2026-08-07 07:59,2026-08-07 11:00,production
P2989,F013,F002,2026-08-05 08:45,2026-08-08 09:07,shift
P2990,LAND,F008,2026-08-04 07:10,2026-08-06 08:27,shift
P2991,LAND,F009,2026-08-04 07:53,2026-08-06 08:33,shift
P2992,F030,LAND,2026-08-05 10:40,2026-08-06 11:30,shift
P2993,F019,F033,2026-08-03 00:00,2026-08-05 09:54,shift
P2994,F010,F007,2026-08-05 07:11,2026-08-05 09:38,production
P2995,F042,LAND,2026-08-06 08:20,2026-08-09 10:23,shift
P2996,LAND,F001,2026-08-08 06:53,2026-08-09 23:59,shift
P2997,F036,LAND,2026-08-03 15:55,2026-08-03 19:09,production
P2998,LAND,F046,2026-08-08 08:34,2026-08-08 11:47,production
P2999,A01,F017,2026-08-09 10:11,2026-08-09 23:59,shift
P3000,F015,LAND,2026-08-06 08:29,2026-08-07 09:15,shift
P3001,F031,F021,2026-08-09 11:14,2026-08-09 23:59,shift
P3002,LAND,F033,2026-08-05 07:32,2026-08-07 08:48,shift
P3003,F023,LAND,2026-08-07 16:51,2026-08-09 18:16,shift
P3004,LAND,F038,2026-08-03 06:47,2026-08-04 07:59,shift
P3005,F026,LAND,2026-08-03 08:34,2026-08-05 09:44,shift
P3006,LAND,F009,2026-08-07 09:28,2026-08-09 10:14,shift
P3007,F014,F017,2026-08-04 09:23,2026-08-08 10:07,temporary
P3008,LAND,F044,2026-08-03 07:31,2026-08-06 09:12,shift
P3009,F028,LAND,2026-08-07 07:59,2026-08-09 09:16,shift
P3010,F019,LAND,2026-08-06 16:23,2026-08-07 17:52,shift
P3011,F022,F033,2026-08-03 09:47,2026-08-05 09:55,shift
P3012,F026,LAND,2026-08-04 08:34,2026-08-06 09:44,shift
P3013,A02,F026,2026-08-04 07:14,2026-08-05 08:24,shift
P3014,F006,LAND,2026-08-07 08:35,2026-08-08 09:50,shift
P3015,F021,F027,2026-08-03 00:00,2026-08-06 08:06,temporary
P3016,F040,F041,2026-08-04 08:40,2026-08-06 09:19,shift
P3017,F051,F038,2026-08-07 09:23,2026-08-09 09:28,shift
P3018,F031,LAND,2026-08-05 11:38,2026-08-06 12:44,shift
P3019,F027,LAND,2026-08-06 16:20,2026-08-08 17:23,shift
P3020,F038,F045,2026-08-03 16:49,2026-08-04 16:59,shift
P3021,F018,A02,2026-08-03 00:00,2026-08-05 10:00,shift
P3022,LAND,F036,2026-08-03 00:00,2026-08-05 16:39,shift
P3023,A03,F043,2026-08-07 07:00,2026-08-09 08:46,shift
P3024,F048,LAND,2026-08-04 11:44,2026-08-06 12:54,shift
P3025,LAND,F002,2026-08-03 06:58,2026-08-05 08:26,shift
P3026,LAND,F020,2026-08-06 07:04,2026-08-08 07:55,shift
P3027,LAND,F048,2026-08-05 09:57,2026-08-07 11:34,shift
P3028,LAND,F042,2026-08-05 06:07,2026-08-09 23:59,temporary
P3029,F052,LAND,2026-08-06 11:19,2026-08-07 13:10,shift
P3030,F044,LAND,2026-08-03 09:32,2026-08-06 11:13,shift
P3031,F008,F003,2026-08-04 10:59,2026-08-07 11:10,shift
P3032,F018,LAND,2026-08-06 10:32,2026-08-07 11:31,shift
P3033,F001,F005,2026-08-08 10:14,2026-08-09 10:48,shift
P3034,F020,LAND,2026-08-03 08:07,2026-08-05 09:06,shift
P3035,F002,LAND,2026-08-08 08:44,2026-08-09 23:59,shift
P3036,F026,F033,2026-08-06 06:50,2026-08-06 08:55,production
P3037,F001,F016,2026-08-03 00:00,2026-08-05 11:46,shift
P3038,F045,F048,2026-08-06 08:40,2026-08-07 09:14,shift
P3039,LAND,F004,2026-08-03 08:18,2026-08-05 09:12,shift
P3040,F001,F016,2026-08-03 11:33,2026-08-04 11:46,shift
P3041,A02,F031,2026-08-05 10:12,2026-08-06 11:18,shift
P3042,LAND,F022,2026-08-06 08:25,2026-08-08 09:31,shift
P3043,F046,A03,2026-08-04 10:41,2026-08-06 12:24,shift
P3044,A02,F019,2026-08-09 07:11,2026-08-09 23:59,shift
P3045,F003,F008,2026-08-04 09:22,2026-08-04 11:11,production
P3046,F024,F027,2026-08-05 16:19,2026-08-07 16:24,shift
P3047,F018,LAND,2026-08-08 10:23,2026-08-09 23:59,shift
P3048,A03,F039,2026-08-03 00:00,2026-08-04 08:30,shift
P3049,F034,A02,2026-08-05 10:04,2026-08-06 11:25,shift
P3050,LAND,F001,2026-08-08 06:53,2026-08-09 23:59,shift
P3051,F039,F052,2026-08-03 10:59,2026-08-06 11:42,shift
P3052,F030,LAND,2026-08-08 10:44,2026-08-09 23:59,shift
P3053,LAND,F004,2026-08-06 07:55,2026-08-09 08:43,shift
P3054,F044,F037,2026-08-05 12:07,2026-08-07 12:20,shift
P3055,LAND,F002,2026-08-08 07:25,2026-08-09 23:59,shift
P3056,F019,LAND,2026-08-09 07:29,2026-08-09 10:57,production
P3057,F044,F037,2026-08-05 12:07,2026-08-08 12:20,shift
P3058,F029,LAND,2026-08-05 10:38,2026-08-06 11:37,shift
P3059,F008,A01,2026-08-03 08:37,2026-08-06 09:54,shift
P3060,LAND,F020,2026-08-08 07:48,2026-08-09 23:59,shift
P3061,F024,LAND,2026-08-03 10:50,2026-08-06 11:50,shift
P3062,LAND,F034,2026-08-07 06:13,2026-08-09 23:59,shift
P3063,LAND,F003,2026-08-07 07:12,2026-08-09 07:59,shift
P3064,F002,LAND,2026-08-09 08:44,2026-08-09 23:59,shift
P3065,F044,LAND,2026-08-06 08:22,2026-08-09 10:03,shift
P3066,F031,LAND,2026-08-08 11:40,2026-08-09 23:59,shift
P3067,LAND,F039,2026-08-05 09:16,2026-08-07 10:27,shift
P3068,F006,F007,2026-08-05 09:19,2026-08-06 09:23,shift
P3069,F044,LAND,2026-08-03 09:32,2026-08-06 11:13,shift
P3070,F049,F048,2026-08-08 07:02,2026-08-08 09:06,production
P3071,F050,A03,2026-08-05 09:44,2026-08-06 11:57,shift
P3072,F021,A02,2026-08-09 09:41,2026-08-09 23:59,shift
P3073,F023,F032,2026-08-04 11:47,2026-08-05 11:51,shift
P3074,LAND,F005,2026-08-03 00:00,2026-08-05 09:40,shift
P3075,LAND,F010,2026-08-03 08:32,2026-08-05 09:31,shift
P3076,F052,F048,2026-08-07 10:34,2026-08-09 10:42,shift
P3077,LAND,F001,2026-08-03 06:26,2026-08-05 07:43,shift
P3078,F040,F041,2026-08-03 08:40,2026-08-05 09:19,shift
P3079,LAND,F022,2026-08-06 08:25,2026-08-07 09:31,shift
P3080,F050,F043,2026-08-08 09:47,2026-08-09 23:59,shift
P3081,F025,LAND,2026-08-07 08:24,2026-08-09 09:20,shift
P3082,LAND,F051,2026-08-05 08:57,2026-08-07 10:47,shift
P3083,A02,F022,2026-08-06 08:25,2026-08-07 09:31,shift
P3084,LAND,F037,2026-08-03 00:00,2026-08-05 11:30,shift
P3085,F040,A03,2026-08-03 00:00,2026-08-05 10:13,shift
P3086,F021,LAND,2026-08-03 00:00,2026-08-04 10:09,shift
P3087,LAND,F023,2026-08-03 06:17,2026-08-06 07:30,shift
P3088,LAND,F006,2026-08-07 07:00,2026-08-08 08:15,shift
P3089,LAND,F041,2026-08-06 09:51,2026-08-08 12:00,shift
P3090,LAND,F024,2026-08-03 09:30,2026-08-06 10:30,shift
P3091,F017,F014,2026-08-06 08:42,2026-08-08 08:54,shift
P3092,A01,F013,2026-08-07 07:53,2026-08-09 23:59,shift
P3093,LAND,F020,2026-08-03 06:58,2026-08-05 07:57,shift
P3094,LAND,F043,2026-08-07 07:00,2026-08-09 08:46,shift
P3095,F017,LAND,2026-08-06 10:31,2026-08-07 11:13,shift
P3096,LAND,F030,2026-08-08 09:44,2026-08-09 23:59,shift
P3097,F007,LAND,2026-08-03 00:00,2026-08-05 09:29,shift
P3098,LAND,F015,2026-08-09 08:53,2026-08-09 23:59,shift
P3099,F044,LAND,2026-08-06 08:22,2026-08-08 10:03,shift
P3100,F016,LAND,2026-08-08 10:32,2026-08-09 23:59,shift
P3101,A02,F027,2026-08-06 15:07,2026-08-08 16:10,shift
P3102,F032,LAND,2026-08-04 08:41,2026-08-07 09:58,shift
P3103,F038,F045,2026-08-03 15:54,2026-08-03 17:48,production
P3104,A02,F027,2026-08-07 15:07,2026-08-08 16:10,shift
P3105,LAND,F052,2026-08-08 08:03,2026-08-09 23:59,shift
P3106,F020,LAND,2026-08-08 08:49,2026-08-09 23:59,shift
P3107,F049,A03,2026-08-04 08:33,2026-08-06 09:40,shift
P3108,A01,F011,2026-08-03 09:43,2026-08-06 10:38,shift
P3109,A02,F027,2026-08-07 15:07,2026-08-09 16:10,shift
P3110,F019,F033,2026-08-03 09:10,2026-08-03 10:41,production
P3111,F032,A02,2026-08-08 08:45,2026-08-09 10:02,shift
P3112,LAND,F017,2026-08-08 10:11,2026-08-09 23:59,shift
P3113,A01,F004,2026-08-03 00:00,2026-08-04 09:12,shift
P3114,A02,F018,2026-08-09 09:11,2026-08-09 23:59,shift
P3115,F042,F040,2026-08-05 09:24,2026-08-05 11:11,production
P3116,F005,LAND,2026-08-06 10:12,2026-08-08 11:04,shift
P3117,LAND,F030,2026-08-05 09:40,2026-08-06 10:30,shift
P3118,A01,F009,2026-08-07 09:28,2026-08-09 23:59,shift
P3119,LAND,F004,2026-08-06 07:55,2026-08-09 08:43,shift
P3120,LAND,F031,2026-08-04 10:12,2026-08-06 11:18,shift
P3121,F020,LAND,2026-08-03 00:00,2026-08-04 09:06,shift
P3122,F036,F046,2026-08-03 00:00,2026-08-04 08:10,temporary
P3123,F024,LAND,2026-08-07 11:21,2026-08-09 12:21,shift
P3124,F036,F049,2026-08-09 11:22,2026-08-09 13:03,production
P3125,LAND,F001,2026-08-09 06:53,2026-08-09 23:59,shift
P3126,LAND,F038,2026-08-04 08:07,2026-08-07 09:31,temporary
P3127,F014,LAND,2026-08-09 09:49,2026-08-09 23:59,shift
P3128,F022,LAND,2026-08-06 10:15,2026-08-09 23:59,temporary
P3129,F040,F041,2026-08-03 08:40,2026-08-07 09:19,temporary
P3130,F046,LAND,2026-08-07 11:12,2026-08-09 23:59,shift
P3131,F041,LAND,2026-08-04 10:52,2026-08-05 13:37,shift
P3132,F012,A01,2026-08-08 08:30,2026-08-09 09:36,shift
P3133,F026,LAND,2026-08-03 08:34,2026-08-06 09:44,shift
P3134,F004,F007,2026-08-04 08:10,2026-08-05 08:22,shift
P3135,F047,LAND,2026-08-08 11:50,2026-08-09 23:59,shift
P3136,LAND,F025,2026-08-04 06:43,2026-08-09 23:59,temporary
P3137,A01,F009,2026-08-07 09:28,2026-08-09 10:14,shift
P3138,LAND,F001,2026-08-03 06:26,2026-08-04 07:43,shift
P3139,F011,LAND,2026-08-03 10:58,2026-08-06 11:53,shift
P3140,F007,LAND,2026-08-03 00:00,2026-08-05 09:29,temporary
P3141,F039,F052,2026-08-04 10:59,2026-08-06 11:42,shift
P3142,F006,LAND,2026-08-03 00:00,2026-08-05 12:02,shift
P3143,F020,LAND,2026-08-03 00:00,2026-08-05 09:06,shift
P3144,F029,LAND,2026-08-08 10:34,2026-08-09 11:26,shift
P3145,F011,LAND,2026-08-08 07:51,2026-08-09 08:46,shift
P3146,F014,LAND,2026-08-04 08:17,2026-08-07 09:09,shift
P3147,F019,LAND,2026-08-03 00:00,2026-08-05 11:45,shift
P3148,F003,F008,2026-08-03 10:06,2026-08-05 10:17,shift
P3149,LAND,F049,2026-08-04 06:41,2026-08-07 08:23,shift
P3150,A01,F013,2026-08-05 06:47,2026-08-07 08:16,shift
P3151,F052,LAND,2026-08-08 09:56,2026-08-09 23:59,shift
P3152,F002,F003,2026-08-08 09:21,2026-08-09 23:59,shift
P3153,F047,LAND,2026-08-07 11:50,2026-08-09 23:59,shift
P3154,F031,LAND,2026-08-04 11:38,2026-08-07 12:44,shift
P3155,LAND,F044,2026-08-03 07:31,2026-08-05 09:12,shift
P3156,LAND,F037,2026-08-05 06:53,2026-08-08 08:55,shift
P3157,F026,LAND,2026-08-07 08:53,2026-08-09 09:54,shift
P3158,A02,F021,2026-08-03 06:40,2026-08-03 09:47,production
P3159,LAND,F004,2026-08-06 07:55,2026-08-08 08:43,shift
P3160,LAND,F014,2026-08-04 07:15,2026-08-07 08:07,shift
P3161,F035,LAND,2026-08-05 09:43,2026-08-08 11:10,shift
P3162,F018,LAND,2026-08-06 10:32,2026-08-07 11:31,shift
P3163,F005,LAND,2026-08-06 10:12,2026-08-09 11:04,temporary
P3164,LAND,F010,2026-08-07 09:58,2026-08-09 10:57,shift
P3165,F006,F007,2026-08-04 09:19,2026-08-07 09:23,shift
P3166,F011,LAND,2026-08-04 10:58,2026-08-05 11:53,shift
P3167,LAND,F051,2026-08-08 07:26,2026-08-09 23:59,shift
P3168,F036,F049,2026-08-09 11:01,2026-08-09 13:14,production
P3169,LAND,F036,2026-08-09 15:17,2026-08-09 23:59,shift
P3170,LAND,F016,2026-08-05 15:06,2026-08-09 15:50,temporary
P3171,LAND,F032,2026-08-05 06:54,2026-08-07 08:31,shift
P3172,F001,LAND,2026-08-09 08:03,2026-08-09 23:59,shift
P3173,F015,F009,2026-08-07 10:47,2026-08-08 10:58,shift
P3174,LAND,F026,2026-08-07 07:20,2026-08-08 08:43,shift
P3175,A01,F011,2026-08-03 09:43,2026-08-05 10:38,shift
P3176,A01,F013,2026-08-08 07:53,2026-08-09 09:43,shift
P3177,LAND,F025,2026-08-03 15:15,2026-08-05 16:46,shift
P3178,F039,F052,2026-08-03 10:59,2026-08-06 11:42,shift
P3179,F046,LAND,2026-08-05 10:41,2026-08-07 12:24,shift
P3180,F040,LAND,2026-08-03 00:00,2026-08-04 10:13,shift
P3181,F031,A02,2026-08-04 11:38,2026-08-06 12:44,shift
P3182,LAND,F032,2026-08-08 06:58,2026-08-09 08:35,shift
P3183,F044,LAND,2026-08-06 08:22,2026-08-09 10:03,shift
P3184,LAND,F051,2026-08-05 08:57,2026-08-07 10:47,shift
P3185,F009,A01,2026-08-08 10:24,2026-08-09 23:59,shift
P3186,F016,F005,2026-08-06 11:22,2026-08-08 11:29,shift
P3187,F027,LAND,2026-08-04 09:06,2026-08-05 10:09,shift
P3188,F012,LAND,2026-08-03 11:41,2026-08-06 12:47,shift
P3189,F006,LAND,2026-08-03 00:00,2026-08-05 12:02,shift
P3190,A02,F024,2026-08-03 00:00,2026-08-06 10:30,temporary
P3191,LAND,F049,2026-08-07 09:40,2026-08-09 11:35,temporary
P3192,LAND,F016,2026-08-06 15:06,2026-08-08 15:50,shift
P3193,F028,F018,2026-08-06 10:44,2026-08-08 11:02,shift
P3194,F020,A02,2026-08-03 08:07,2026-08-05 09:06,shift
P3195,F025,F027,2026-08-06 09:05,2026-08-06 11:04,production
P3196,F046,LAND,2026-08-03 00:00,2026-08-06 12:24,temporary
P3197,F008,A01,2026-08-08 09:32,2026-08-09 10:49,shift
P3198,LAND,F011,2026-08-08 06:36,2026-08-09 07:31,shift
P3199,F010,F007,2026-08-04 07:53,2026-08-06 08:27,shift
P3200,F028,A02,2026-08-07 07:59,2026-08-08 09:16,shift
P3201,F013,F002,2026-08-06 08:45,2026-08-08 09:07,shift
P3202,LAND,F013,2026-08-08 07:53,2026-08-09 09:43,shift
P3203,F041,LAND,2026-08-03 10:52,2026-08-06 13:37,shift
P3204,F050,F043,2026-08-07 09:47,2026-08-09 23:59,shift
P3205,LAND,F049,2026-08-07 09:40,2026-08-09 11:35,shift
P3206,F038,F045,2026-08-03 16:04,2026-08-03 18:18,production
P3207,F036,LAND,2026-08-05 11:57,2026-08-08 13:00,shift
P3208,F001,A01,2026-08-09 08:03,2026-08-09 23:59,shift
P3209,LAND,F044,2026-08-04 07:31,2026-08-06 09:12,shift
P3210,LAND,F050,2026-08-08 09:33,2026-08-09 23:59,shift
P3211,A01,F012,2026-08-03 00:00,2026-08-06 11:31,temporary
P3212,LAND,F011,2026-08-08 06:36,2026-08-09 07:31,shift
P3213,LAND,F039,2026-08-06 08:37,2026-08-06 11:42,production
P3214,F049,LAND,2026-08-07 11:45,2026-08-09 13:02,shift
P3215,F023,A02,2026-08-06 16:51,2026-08-08 18:16,shift
P3216,LAND,F025,2026-08-04 15:15,2026-08-06 16:46,shift
P3217,F001,LAND,2026-08-08 08:03,2026-08-09 23:59,shift
P3218,F032,LAND,2026-08-05 07:51,2026-08-05 11:26,production
P3219,F032,F025,2026-08-09 08:20,2026-08-09 23:59,shift
P3220,F004,LAND,2026-08-03 00:00,2026-08-05 10:16,shift
P3221,F039,LAND,2026-08-03 07:52,2026-08-03 11:18,production
P3222,LAND,F040,2026-08-03 00:00,2026-08-04 07:53,shift
P3223,F023,LAND,2026-08-06 16:51,2026-08-09 18:16,shift
P3224,F011,LAND,2026-08-08 07:51,2026-08-09 23:59,shift
P3225,LAND,F038,2026-08-03 08:07,2026-08-08 09:31,temporary
P3226,F012,LAND,2026-08-04 11:41,2026-08-05 12:47,shift
P3227,LAND,F052,2026-08-08 08:03,2026-08-09 23:59,shift
P3228,F039,F052,2026-08-04 10:16,2026-08-04 12:36,production
P3229,F010,LAND,2026-08-08 11:07,2026-08-09 23:59,shift
P3230,F040,LAND,2026-08-07 12:05,2026-08-09 14:47,shift
P3231,LAND,F007,2026-08-08 07:30,2026-08-09 08:51,shift
P3232,F027,LAND,2026-08-07 16:20,2026-08-09 17:23,shift
P3233,F030,LAND,2026-08-07 10:44,2026-08-09 11:34,temporary
P3234,LAND,F015,2026-08-09 08:53,2026-08-09 23:59,shift
P3235,LAND,F050,2026-08-08 09:33,2026-08-09 23:59,shift
P3236,F031,LAND,2026-08-07 11:40,2026-08-09 12:46,shift
P3237,F001,LAND,2026-08-03 00:00,2026-08-04 09:10,shift
P3238,A03,F044,2026-08-03 07:31,2026-08-06 09:12,shift
P3239,F041,LAND,2026-08-06 12:10,2026-08-09 14:55,shift
P3240,LAND,F017,2026-08-06 08:44,2026-08-06 11:49,production
P3241,F043,A03,2026-08-06 08:56,2026-08-09 10:19,shift
P3242,F032,LAND,2026-08-08 07:46,2026-08-08 11:12,production
P3243,LAND,F004,2026-08-06 07:55,2026-08-09 08:43,shift
P3244,F024,LAND,2026-08-07 11:21,2026-08-08 12:21,shift
P3245,F006,F007,2026-08-04 09:19,2026-08-06 09:23,shift
P3246,F021,F027,2026-08-03 00:00,2026-08-05 08:06,temporary
P3247,F018,A02,2026-08-06 10:32,2026-08-07 11:31,shift
P3248,F002,LAND,2026-08-08 08:44,2026-08-09 23:59,shift
P3249,LAND,F011,2026-08-08 06:36,2026-08-09 07:31,shift
P3250,LAND,F011,2026-08-04 09:43,2026-08-06 10:38,shift
P3251,F050,F043,2026-08-08 09:47,2026-08-09 10:39,shift
P3252,F001,LAND,2026-08-08 08:03,2026-08-09 23:59,shift
P3253,LAND,F051,2026-08-08 07:26,2026-08-09 23:59,shift
P3254,F052,LAND,2026-08-09 09:56,2026-08-09 23:59,shift
P3255,F020,LAND,2026-08-06 07:05,2026-08-06 09:59,production
P3256,F009,LAND,2026-08-04 08:43,2026-08-06 10:01,shift
P3257,LAND,F045,2026-08-07 14:37,2026-08-07 18:04,production
P3258,F041,F045,2026-08-04 10:20,2026-08-06 10:27,shift
P3259,F027,LAND,2026-08-03 09:06,2026-08-06 10:09,shift
P3260,A03,F044,2026-08-03 07:31,2026-08-06 09:12,shift
P3261,F019,F033,2026-08-03 09:13,2026-08-03 10:39,production
P3262,F015,LAND,2026-08-09 10:20,2026-08-09 23:59,shift
P3263,F052,A03,2026-08-08 09:56,2026-08-09 23:59,shift
P3264,LAND,F019,2026-08-05 15:14,2026-08-08 16:13,temporary
P3265,LAND,F019,2026-08-09 07:11,2026-08-09 23:59,shift
P3266,F003,F007,2026-08-08 09:19,2026-08-09 23:59,shift
P3267,A03,F048,2026-08-04 09:57,2026-08-06 11:34,shift
P3268,LAND,F003,2026-08-03 00:00,2026-08-05 08:26,shift
P3269,F006,LAND,2026-08-03 10:13,2026-08-03 13:01,production
P3270,A03,F043,2026-08-07 07:00,2026-08-08 08:46,shift
P3271,A01,F006,2026-08-07 06:15,2026-08-07 09:32,production
P3272,F036,LAND,2026-08-05 11:57,2026-08-07 13:00,shift
P3273,F013,LAND,2026-08-08 09:53,2026-08-09 23:59,shift
P3274,F043,A03,2026-08-04 11:16,2026-08-04 14:32,production
P3275,F003,LAND,2026-08-07 08:09,2026-08-09 09:30,shift
P3276,A03,F049,2026-08-04 06:41,2026-08-07 08:23,shift
P3277,LAND,F013,2026-08-08 07:53,2026-08-09 23:59,shift
P3278,LAND,F020,2026-08-09 07:48,2026-08-09 23:59,shift
P3279,LAND,F017,2026-08-09 10:11,2026-08-09 23:59,shift
P3280,LAND,F009,2026-08-03 07:53,2026-08-06 08:33,shift
P3281,F030,F026,2026-08-08 16:11,2026-08-09 16:30,shift
P3282,LAND,F034,2026-08-08 06:00,2026-08-08 09:18,production
P3283,LAND,F028,2026-08-07 06:10,2026-08-09 07:49,shift
P3284,F038,F039,2026-08-09 10:20,2026-08-09 23:59,shift
P3285,F031,LAND,2026-08-08 11:40,2026-08-09 23:59,shift
P3286,F039,LAND,2026-08-03 08:40,2026-08-05 09:51,shift
P3287,LAND,F040,2026-08-07 09:13,2026-08-09 11:55,shift
P3288,A02,F019,2026-08-09 07:11,2026-08-09 23:59,shift
P3289,F007,LAND,2026-08-03 00:00,2026-08-04 09:29,shift
P3290,F009,F003,2026-08-04 10:54,2026-08-08 11:38,temporary
P3291,F016,A01,2026-08-06 16:00,2026-08-07 17:13,shift
P3292,LAND,F007,2026-08-03 00:00,2026-08-05 08:05,shift
P3293,F014,LAND,2026-08-04 08:17,2026-08-06 09:09,shift
P3294,F024,LAND,2026-08-04 10:50,2026-08-05 11:50,shift
P3295,F021,LAND,2026-08-06 09:04,2026-08-08 10:14,shift
P3296,F010,LAND,2026-08-07 11:07,2026-08-09 23:59,shift
P3297,F045,LAND,2026-08-03 10:58,2026-08-06 12:21,shift
P3298,F013,F002,2026-08-06 08:45,2026-08-08 09:07,shift
P3299,F039,F052,2026-08-04 10:47,2026-08-04 11:54,emergency
P3300,F007,F002,2026-08-04 10:22,2026-08-06 10:31,shift
P3301,F044,A03,2026-08-04 09:32,2026-08-06 11:13,shift
P3302,LAND,F028,2026-08-06 06:10,2026-08-09 07:49,shift
P3303,LAND,F033,2026-08-05 07:32,2026-08-07 08:48,shift
P3304,LAND,F008,2026-08-08 08:05,2026-08-09 23:59,shift
P3305,LAND,F021,2026-08-06 07:44,2026-08-07 08:54,shift
P3306,F010,LAND,2026-08-08 11:07,2026-08-09 23:59,shift
P3307,F030,F026,2026-08-07 16:11,2026-08-09 23:59,shift
P3308,LAND,F028,2026-08-04 06:15,2026-08-06 07:35,shift
P3309,LAND,F042,2026-08-07 06:07,2026-08-09 08:10,shift
P3310,LAND,F017,2026-08-09 10:11,2026-08-09 23:59,shift
P3311,LAND,F047,2026-08-04 09:18,2026-08-06 11:01,shift
P3312,LAND,F018,2026-08-09 08:40,2026-08-09 11:24,production
P3313,LAND,F021,2026-08-03 00:00,2026-08-04 08:49,shift
P3314,F038,F039,2026-08-09 10:20,2026-08-09 23:59,shift
P3315,F015,A01,2026-08-06 07:31,2026-08-06 10:35,production
P3316,LAND,F016,2026-08-09 09:32,2026-08-09 23:59,shift
P3317,F032,A02,2026-08-05 08:41,2026-08-06 09:58,shift
P3318,F046,F047,2026-08-06 10:00,2026-08-08 10:05,shift
P3319,F030,LAND,2026-08-07 10:44,2026-08-09 11:34,shift
P3320,LAND,F026,2026-08-07 07:20,2026-08-08 08:43,shift
P3321,F047,F049,2026-08-07 17:06,2026-08-08 17:12,shift
P3322,LAND,F040,2026-08-03 06:00,2026-08-03 09:16,production
P3323,F003,LAND,2026-08-07 08:09,2026-08-09 09:30,shift
P3324,F017,F014,2026-08-06 08:42,2026-08-09 08:54,shift
P3325,LAND,F044,2026-08-07 06:21,2026-08-08 08:02,shift
P3326,LAND,F028,2026-08-07 06:10,2026-08-08 07:49,shift
P3327,LAND,F007,2026-08-03 00:00,2026-08-04 08:05,shift
P3328,F032,A02,2026-08-05 08:41,2026-08-06 09:58,shift
P3329,LAND,F018,2026-08-03 00:00,2026-08-04 08:48,shift
P3330,LAND,F036,2026-08-09 15:17,2026-08-09 23:59,shift
P3331,F018,A02,2026-08-08 10:23,2026-08-09 23:59,shift
P3332,F016,LAND,2026-08-08 10:32,2026-08-09 23:59,shift
P3333,F039,LAND,2026-08-05 10:37,2026-08-07 11:48,shift
P3334,A03,F044,2026-08-03 07:31,2026-08-06 09:12,shift
P3335,F025,F027,2026-08-05 09:36,2026-08-07 10:11,shift
P3336,F038,F039,2026-08-09 10:20,2026-08-09 23:59,shift
P3337,F042,LAND,2026-08-07 08:20,2026-08-08 10:23,shift
P3338,F046,F047,2026-08-06 10:00,2026-08-07 10:05,shift
P3339,F001,F016,2026-08-03 00:00,2026-08-04 11:46,shift
P3340,F028,F018,2026-08-06 10:44,2026-08-08 11:02,shift
P3341,LAND,F020,2026-08-09 06:56,2026-08-09 10:02,production
P3342,F036,LAND,2026-08-05 11:57,2026-08-08 13:00,shift
P3343,F045,F048,2026-08-06 08:40,2026-08-08 09:14,shift
P3344,LAND,F031,2026-08-05 10:12,2026-08-06 11:18,shift
P3345,LAND,F022,2026-08-09 08:59,2026-08-09 23:59,shift
P3346,LAND,F042,2026-08-07 06:07,2026-08-08 08:10,shift
P3347,F038,F045,2026-08-03 16:49,2026-08-04 16:59,shift
P3348,LAND,F039,2026-08-03 00:00,2026-08-04 08:30,shift
P3349,F041,LAND,2026-08-07 11:33,2026-08-07 15:46,production
P3350,F026,LAND,2026-08-06 08:53,2026-08-08 09:54,shift
P3351,F022,LAND,2026-08-08 10:15,2026-08-09 23:59,shift
P3352,LAND,F033,2026-08-04 07:32,2026-08-07 08:48,shift
P3353,F050,LAND,2026-08-05 09:44,2026-08-07 11:57,shift
P3354,LAND,F007,2026-08-03 00:00,2026-08-05 08:05,shift
P3355,F003,LAND,2026-08-06 08:09,2026-08-08 09:30,temporary
P3356,LAND,F016,2026-08-06 15:06,2026-08-08 15:50,shift
P3357,F013,F002,2026-08-06 08:45,2026-08-08 09:07,shift
P3358,F022,F033,2026-08-03 09:47,2026-08-06 09:55,temporary
P3359,F021,LAND,2026-08-03 08:59,2026-08-04 10:09,shift
P3360,LAND,F035,2026-08-06 07:13,2026-08-06 10:56,production
P3361,F028,LAND,2026-08-07 07:59,2026-08-09 09:16,shift
P3362,LAND,F001,2026-08-05 10:08,2026-08-07 11:08,shift
P3363,LAND,F005,2026-08-03 08:48,2026-08-05 09:40,shift
P3364,F036,F049,2026-08-08 11:56,2026-08-09 23:59,shift
P3365,LAND,F034,2026-08-04 08:12,2026-08-06 09:54,shift
P3366,LAND,F032,2026-08-04 06:54,2026-08-06 08:31,shift
P3367,F033,LAND,2026-08-08 09:07,2026-08-09 23:59,shift
P3368,LAND,F027,2026-08-03 07:53,2026-08-05 08:56,shift
P3369,LAND,F046,2026-08-07 09:19,2026-08-09 23:59,shift
P3370,LAND,F036,2026-08-05 10:09,2026-08-08 11:47,shift
P3371,F037,LAND,2026-08-03 11:40,2026-08-04 13:42,shift
P3372,F011,LAND,2026-08-07 07:51,2026-08-09 08:46,shift
P3373,F022,LAND,2026-08-04 09:07,2026-08-06 09:57,shift
P3374,F009,LAND,2026-08-08 10:24,2026-08-09 11:10,shift
P3375,LAND,F004,2026-08-03 00:00,2026-08-05 09:12,shift
P3376,F038,LAND,2026-08-05 09:51,2026-08-08 11:15,shift
P3377,F021,LAND,2026-08-09 09:41,2026-08-09 23:59,shift
P3378,F013,F002,2026-08-05 08:45,2026-08-07 09:07,temporary
P3379,F042,LAND,2026-08-04 12:01,2026-08-05 14:50,shift
P3380,F050,LAND,2026-08-09 12:50,2026-08-09 23:59,shift
P3381,LAND,F018,2026-08-05 09:13,2026-08-08 10:12,shift
P3382,F049,LAND,2026-08-04 08:33,2026-08-07 09:40,shift
P3383,F014,F017,2026-08-06 09:23,2026-08-08 10:07,shift
P3384,F042,LAND,2026-08-04 12:01,2026-08-05 14:50,shift
P3385,A02,F032,2026-08-08 06:58,2026-08-09 08:35,shift
P3386,F041,LAND,2026-08-07 12:10,2026-08-08 14:55,shift
P3387,F002,LAND,2026-08-05 08:48,2026-08-07 09:57,shift
P3388,F014,F017,2026-08-07 09:23,2026-08-08 10:07,shift
P3389,F003,F008,2026-08-04 10:06,2026-08-05 10:17,shift
P3390,F025,F027,2026-08-05 09:36,2026-08-07 10:11,shift
P3391,F041,LAND,2026-08-04 10:52,2026-08-05 13:37,shift
P3392,F043,F051,2026-08-04 10:17,2026-08-06 10:29,shift
P3393,F039,LAND,2026-08-06 09:42,2026-08-06 12:55,production
P3394,LAND,F006,2026-08-03 08:50,2026-08-03 11:25,production
P3395,F013,LAND,2026-08-04 08:26,2026-08-06 09:55,shift
P3396,F034,A02,2026-08-04 10:04,2026-08-07 11:25,shift
P3397,F025,LAND,2026-08-06 08:24,2026-08-08 09:20,shift
P3398,F019,LAND,2026-08-06 16:23,2026-08-08 17:52,shift
P3399,F025,F027,2026-08-05 09:36,2026-08-07 10:11,shift
P3400,F034,LAND,2026-08-07 08:05,2026-08-09 23:59,shift
P3401,F020,F019,2026-08-03 00:00,2026-08-05 10:58,shift
P3402,LAND,F029,2026-08-08 09:07,2026-08-09 23:59,shift
P3403,A01,F005,2026-08-06 09:10,2026-08-09 10:02,shift
P3404,F011,LAND,2026-08-07 07:51,2026-08-09 23:59,shift
P3405,F006,F007,2026-08-05 09:08,2026-08-05 09:48,emergency
P3406,LAND,F021,2026-08-03 00:00,2026-08-04 08:49,shift
P3407,F026,F033,2026-08-06 07:45,2026-08-07 07:55,shift
P3408,F039,F048,2026-08-09 07:36,2026-08-09 23:59,shift
P3409,A02,F019,2026-08-09 07:11,2026-08-09 23:59,shift
P3410,A01,F008,2026-08-04 07:10,2026-08-05 08:27,shift
P3411,F037,LAND,2026-08-03 00:00,2026-08-04 13:42,shift
P3412,F008,F003,2026-08-05 10:59,2026-08-06 11:10,shift
P3413,F032,LAND,2026-08-07 08:45,2026-08-09 10:02,shift
P3414,F024,LAND,2026-08-07 10:51,2026-08-07 13:44,production
P3415,F011,LAND,2026-08-03 10:58,2026-08-06 11:53,shift
P3416,LAND,F049,2026-08-07 09:40,2026-08-09 23:59,shift
P3417,F031,F021,2026-08-09 11:08,2026-08-09 11:36,emergency
P3418,LAND,F001,2026-08-06 10:08,2026-08-08 11:08,shift
P3419,F002,F004,2026-08-04 08:15,2026-08-05 08:56,shift
P3420,LAND,F034,2026-08-08 06:04,2026-08-08 08:12,emergency
P3421,F004,A01,2026-08-07 08:53,2026-08-08 10:20,shift
P3422,LAND,F018,2026-08-03 07:02,2026-08-03 10:09,production
P3423,LAND,F041,2026-08-03 08:33,2026-08-06 10:42,shift
P3424,F010,LAND,2026-08-03 09:41,2026-08-06 11:09,shift
P3425,LAND,F001,2026-08-05 10:08,2026-08-08 11:08,shift
P3426,F025,LAND,2026-08-03 16:56,2026-08-05 17:52,shift
P3427,LAND,F016,2026-08-08 09:32,2026-08-09 23:59,shift
P3428,LAND,F042,2026-08-04 09:02,2026-08-06 11:51,shift
P3429,F050,LAND,2026-08-05 09:44,2026-08-06 11:57,shift
P3430,F003,F008,2026-08-03 10:06,2026-08-06 10:17,shift
P3431,F023,LAND,2026-08-04 06:48,2026-08-04 10:39,production
P3432,F020,LAND,2026-08-08 08:49,2026-08-09 23:59,shift
P3433,LAND,F012,2026-08-07 07:14,2026-08-09 08:20,shift
P3434,F009,LAND,2026-08-08 10:24,2026-08-09 23:59,shift
P3435,F051,F038,2026-08-07 09:23,2026-08-09 23:59,shift
P3436,LAND,F031,2026-08-07 10:14,2026-08-09 23:59,shift
P3437,LAND,F002,2026-08-03 06:58,2026-08-04 08:26,shift
P3438,F038,A03,2026-08-03 00:00,2026-08-04 09:31,shift
P3439,F030,LAND,2026-08-08 10:44,2026-08-09 11:34,shift
P3440,LAND,F052,2026-08-06 08:58,2026-08-07 11:09,shift
P3441,LAND,F019,2026-08-05 15:14,2026-08-08 16:13,shift
P3442,F045,F048,2026-08-06 08:40,2026-08-07 09:14,shift
P3443,LAND,F050,2026-08-09 09:33,2026-08-09 23:59,shift
P3444,F039,LAND,2026-08-03 00:00,2026-08-04 09:51,shift
P3445,LAND,F012,2026-08-04 09:39,2026-08-04 12:25,production
P3446,F002,LAND,2026-08-06 08:14,2026-08-06 11:15,production
P3447,F009,LAND,2026-08-08 10:24,2026-08-09 23:59,shift
P3448,F016,LAND,2026-08-08 10:32,2026-08-09 23:59,shift
P3449,F048,LAND,2026-08-05 11:44,2026-08-07 12:54,shift
P3450,F012,LAND,2026-08-03 11:41,2026-08-06 12:47,shift
P3451,F038,LAND,2026-08-03 00:00,2026-08-05 09:31,shift
P3452,LAND,F049,2026-08-08 09:40,2026-08-09 23:59,shift
P3453,F044,F037,2026-08-05 12:07,2026-08-08 12:20,shift
P3454,F022,LAND,2026-08-03 09:07,2026-08-06 09:57,shift
P3455,F034,LAND,2026-08-04 10:04,2026-08-06 11:25,shift
P3456,F049,F048,2026-08-08 07:52,2026-08-09 23:59,shift
P3457,LAND,F001,2026-08-03 00:00,2026-08-04 07:43,shift
P3458,F003,F008,2026-08-04 10:06,2026-08-06 10:17,shift
P3459,LAND,F043,2026-08-03 10:17,2026-08-05 12:03,shift
P3460,F029,LAND,2026-08-04 10:38,2026-08-06 11:37,shift
P3461,LAND,F034,2026-08-04 08:12,2026-08-07 09:54,shift
P3462,LAND,F039,2026-08-03 00:00,2026-08-05 08:30,shift
P3463,F037,F040,2026-08-03 00:00,2026-08-04 12:23,shift
P3464,LAND,F009,2026-08-08 09:28,2026-08-09 10:14,shift
P3465,F012,A01,2026-08-08 08:30,2026-08-09 23:59,shift
P3466,LAND,F013,2026-08-04 06:47,2026-08-07 08:16,shift
P3467,F012,F015,2026-08-06 10:21,2026-08-08 10:30,shift
P3468,F028,LAND,2026-08-06 07:59,2026-08-08 09:16,shift
P3469,LAND,F039,2026-08-05 09:16,2026-08-08 10:27,shift
P3470,F044,A03,2026-08-07 08:11,2026-08-07 10:25,emergency
P3471,A03,F048,2026-08-07 08:31,2026-08-09 10:21,shift
P3472,F038,F045,2026-08-03 00:00,2026-08-04 16:59,shift
P3473,LAND,F023,2026-08-03 06:17,2026-08-06 07:30,shift
P3474,F002,LAND,2026-08-03 00:00,2026-08-05 10:04,shift
P3475,LAND,F014,2026-08-06 08:19,2026-08-09 23:59,temporary
P3476,LAND,F010,2026-08-07 09:58,2026-08-09 23:59,shift
P3477,LAND,F040,2026-08-07 08:17,2026-08-07 12:40,production
P3478,LAND,F009,2026-08-06 09:28,2026-08-09 10:14,temporary
P3479,F036,LAND,2026-08-04 11:57,2026-08-09 13:00,temporary
P3480,F038,F045,2026-08-03 16:49,2026-08-04 16:59,shift
P3481,F003,F008,2026-08-04 10:06,2026-08-06 10:17,shift
P3482,F006,LAND,2026-08-07 08:35,2026-08-08 09:50,shift
P3483,LAND,F020,2026-08-06 07:04,2026-08-07 07:55,shift
P3484,F019,LAND,2026-08-03 00:00,2026-08-04 11:45,shift
P3485,F012,LAND,2026-08-07 08:30,2026-08-09 23:59,shift
P3486,F013,F002,2026-08-06 08:45,2026-08-08 09:07,shift
P3487,F051,LAND,2026-08-09 08:29,2026-08-09 11:37,production
P3488,LAND,F024,2026-08-04 09:30,2026-08-05 10:30,shift
P3489,F018,F026,2026-08-03 08:39,2026-08-05 08:43,shift
P3490,F012,A01,2026-08-03 11:41,2026-08-05 12:47,shift
P3491,F026,A02,2026-08-05 08:53,2026-08-08 09:54,temporary
P3492,F022,A02,2026-08-09 09:33,2026-08-09 12:14,production
P3493,F024,LAND,2026-08-07 11:21,2026-08-09 12:21,shift
P3494,F012,LAND,2026-08-08 08:30,2026-08-09 09:36,shift
P3495,A01,F008,2026-08-07 08:05,2026-08-09 23:59,shift
P3496,F007,A01,2026-08-03 08:15,2026-08-05 09:29,shift
P3497,LAND,F008,2026-08-08 07:30,2026-08-08 10:31,production
P3498,F032,F025,2026-08-09 08:20,2026-08-09 23:59,shift
P3499,F025,LAND,2026-08-03 16:56,2026-08-05 17:52,shift
P3500,F018,LAND,2026-08-09 10:23,2026-08-09 23:59,shift
P3501,F042,A03,2026-08-07 08:20,2026-08-08 10:23,shift
P3502,F013,F002,2026-08-06 08:45,2026-08-07 09:07,shift
P3503,F039,F048,2026-08-09 07:36,2026-08-09 23:59,shift
P3504,F017,F014,2026-08-07 08:42,2026-08-09 08:54,shift
P3505,LAND,F036,2026-08-05 10:09,2026-08-08 11:47,shift
P3506,LAND,F025,2026-08-03 15:15,2026-08-06 16:46,shift
P3507,LAND,F036,2026-08-08 15:17,2026-08-09 23:59,shift
P3508,F013,LAND,2026-08-08 09:53,2026-08-09 23:59,shift
P3509,LAND,F022,2026-08-09 08:29,2026-08-09 11:28,production
P3510,LAND,F043,2026-08-07 07:00,2026-08-09 08:46,shift
P3511,F023,F032,2026-08-04 11:47,2026-08-05 11:51,shift
P3512,F003,F008,2026-08-04 10:06,2026-08-05 10:17,shift
P3513,F031,F021,2026-08-08 11:14,2026-08-09 23:59,shift
P3514,F050,LAND,2026-08-05 08:44,2026-08-05 13:12,production
P3515,F020,LAND,2026-08-03 07:27,2026-08-03 10:29,production
P3516,LAND,F031,2026-08-05 10:12,2026-08-07 11:18,shift
P3517,F052,LAND,2026-08-08 09:56,2026-08-09 23:59,shift
P3518,LAND,F002,2026-08-06 06:59,2026-08-06 09:40,production
P3519,F051,LAND,2026-08-09 09:13,2026-08-09 23:59,shift
P3520,F043,LAND,2026-08-04 12:13,2026-08-06 13:36,shift
P3521,F044,F037,2026-08-05 12:07,2026-08-07 12:20,shift
P3522,F020,LAND,2026-08-03 00:00,2026-08-04 09:06,shift
P3523,F025,LAND,2026-08-06 08:24,2026-08-09 09:20,shift
P3524,A02,F019,2026-08-06 15:14,2026-08-07 16:13,shift
P3525,F047,F049,2026-08-07 17:06,2026-08-09 17:12,shift
P3526,F014,LAND,2026-08-05 07:47,2026-08-05 10:19,production
P3527,F001,LAND,2026-08-06 11:08,2026-08-06 12:57,emergency
P3528,F004,F007,2026-08-04 08:10,2026-08-05 08:22,shift
P3529,F006,F007,2026-08-04 09:19,2026-08-07 09:23,shift
P3530,LAND,F037,2026-08-03 00:00,2026-08-04 11:30,shift
P3531,LAND,F030,2026-08-08 09:44,2026-08-09 10:34,shift
P3532,LAND,F022,2026-08-06 08:25,2026-08-07 09:31,shift
P3533,LAND,F019,2026-08-06 15:14,2026-08-07 16:13,shift
P3534,F008,LAND,2026-08-07 09:32,2026-08-09 10:49,shift
P3535,F008,LAND,2026-08-04 08:37,2026-08-05 09:54,shift
P3536,F033,A02,2026-08-05 08:21,2026-08-05 11:01,production
P3537,F008,LAND,2026-08-03 08:37,2026-08-05 09:54,shift
P3538,LAND,F039,2026-08-03 00:00,2026-08-04 08:30,shift
P3539,F016,F005,2026-08-07 11:22,2026-08-09 11:29,shift
P3540,F036,A03,2026-08-06 11:57,2026-08-08 13:00,shift
P3541,LAND,F045,2026-08-07 15:11,2026-08-09 17:05,shift
P3542,LAND,F033,2026-08-04 07:32,2026-08-07 08:48,shift
P3543,LAND,F028,2026-08-07 06:10,2026-08-08 07:49,shift
P3544,LAND,F021,2026-08-08 08:21,2026-08-09 23:59,shift
P3545,LAND,F050,2026-08-08 09:33,2026-08-09 23:59,shift
P3546,LAND,F019,2026-08-03 15:14,2026-08-07 16:13,temporary
P3547,LAND,F040,2026-08-07 09:13,2026-08-08 11:55,shift
P3548,F019,A02,2026-08-03 00:00,2026-08-05 11:45,shift
P3549,F018,LAND,2026-08-03 00:00,2026-08-05 10:00,shift
P3550,F009,LAND,2026-08-03 08:43,2026-08-06 10:01,shift
P3551,LAND,F006,2026-08-07 07:00,2026-08-09 08:15,shift
P3552,LAND,F035,2026-08-05 08:06,2026-08-08 09:33,shift
P3553,F001,LAND,2026-08-03 00:00,2026-08-04 09:10,shift
P3554,LAND,F014,2026-08-05 07:10,2026-08-05 08:25,emergency
P3555,F010,LAND,2026-08-08 11:07,2026-08-09 12:35,shift
P3556,F020,F019,2026-08-03 10:48,2026-08-04 10:58,shift
P3557,F007,LAND,2026-08-03 00:00,2026-08-05 09:29,shift
P3558,F045,F048,2026-08-06 08:40,2026-08-07 09:14,shift
P3559,F024,LAND,2026-08-03 10:50,2026-08-05 11:50,shift
P3560,LAND,F025,2026-08-04 14:38,2026-08-04 18:15,production
P3561,F040,F041,2026-08-03 00:00,2026-08-07 09:19,temporary
P3562,F032,LAND,2026-08-08 08:45,2026-08-09 23:59,shift
P3563,F033,LAND,2026-08-04 08:58,2026-08-07 10:14,shift
P3564,F024,LAND,2026-08-04 10:50,2026-08-05 11:50,shift
P3565,F016,LAND,2026-08-08 10:32,2026-08-09 23:59,shift
P3566,F047,F049,2026-08-07 17:06,2026-08-09 17:12,shift
P3567,F014,LAND,2026-08-03 00:00,2026-08-07 09:09,temporary
P3568,F023,A02,2026-08-04 07:05,2026-08-04 10:13,production
P3569,F026,A02,2026-08-07 08:53,2026-08-08 09:54,shift
P3570,F048,F039,2026-08-07 10:52,2026-08-09 11:02,shift
P3571,F018,F026,2026-08-03 00:00,2026-08-05 08:43,shift
P3572,LAND,F013,2026-08-08 06:56,2026-08-08 10:49,production
P3573,LAND,F012,2026-08-03 10:25,2026-08-06 11:31,shift
P3574,LAND,F031,2026-08-07 10:14,2026-08-09 11:20,shift
P3575,LAND,F006,2026-08-03 00:00,2026-08-05 10:37,temporary
P3576,A03,F039,2026-08-05 09:16,2026-08-08 10:27,shift
P3577,F020,F019,2026-08-03 10:48,2026-08-05 10:58,shift
P3578,F021,F027,2026-08-03 07:31,2026-08-05 08:06,shift
P3579,LAND,F023,2026-08-06 15:16,2026-08-08 16:41,shift
P3580,F049,LAND,2026-08-08 11:45,2026-08-09 23:59,shift
P3581,F013,LAND,2026-08-08 09:14,2026-08-08 12:52,production
P3582,LAND,F026,2026-08-07 07:20,2026-08-08 08:43,shift
P3583,F037,F044,2026-08-08 09:04,2026-08-09 23:59,shift
P3584,LAND,F025,2026-08-05 06:43,2026-08-09 23:59,temporary
P3585,LAND,F004,2026-08-07 07:55,2026-08-08 08:43,shift
P3586,LAND,F006,2026-08-07 07:00,2026-08-08 08:15,shift
P3587,LAND,F052,2026-08-09 07:26,2026-08-09 11:03,production
P3588,LAND,F039,2026-08-05 09:16,2026-08-08 10:27,shift
P3589,LAND,F048,2026-08-05 08:31,2026-08-09 23:59,temporary
P3590,F036,LAND,2026-08-05 11:57,2026-08-07 13:00,temporary
P3591,LAND,F044,2026-08-03 07:31,2026-08-06 09:12,shift
P3592,A01,F002,2026-08-08 07:25,2026-08-09 23:59,shift
P3593,F040,LAND,2026-08-06 12:05,2026-08-08 14:47,shift
P3594,F039,F052,2026-08-03 10:59,2026-08-05 11:42,shift
P3595,LAND,F046,2026-08-04 08:48,2026-08-07 10:31,shift
P3596,F013,LAND,2026-08-08 09:53,2026-08-09 11:22,shift
P3597,F039,LAND,2026-08-03 08:40,2026-08-04 09:51,shift
P3598,LAND,F004,2026-08-06 07:55,2026-08-09 08:43,shift
P3599,LAND,F048,2026-08-05 09:57,2026-08-07 11:34,shift
P3600,F003,F007,2026-08-08 09:19,2026-08-09 23:59,shift
P3601,LAND,F031,2026-08-04 10:12,2026-08-06 11:18,shift
P3602,LAND,F022,2026-08-08 08:59,2026-08-09 23:59,shift
P3603,LAND,F024,2026-08-07 09:02,2026-08-07 12:30,production
P3604,F021,F027,2026-08-03 06:34,2026-08-03 09:07,production
P3605,F021,LAND,2026-08-06 08:29,2026-08-06 11:14,production
P3606,F024,LAND,2026-08-07 11:21,2026-08-09 12:21,shift
P3607,F022,F033,2026-08-04 09:47,2026-08-06 09:55,shift
P3608,LAND,F003,2026-08-03 07:39,2026-08-05 08:26,shift
P3609,F003,LAND,2026-08-03 00:00,2026-08-04 09:57,shift
P3610,LAND,F038,2026-08-05 08:07,2026-08-07 09:31,shift
P3611,LAND,F052,2026-08-06 08:58,2026-08-07 11:09,shift
P3612,LAND,F038,2026-08-03 06:00,2026-08-03 09:14,production
P3613,LAND,F009,2026-08-03 07:53,2026-08-06 08:33,shift
P3614,A01,F014,2026-08-04 07:15,2026-08-07 08:07,shift
P3615,LAND,F030,2026-08-08 09:44,2026-08-09 10:34,shift
P3616,F046,F047,2026-08-06 10:00,2026-08-07 10:05,shift
P3617,F048,LAND,2026-08-05 11:07,2026-08-05 14:12,production
P3618,F036,A03,2026-08-09 16:10,2026-08-09 18:42,production
P3619,F043,F051,2026-08-05 10:17,2026-08-07 10:29,shift
P3620,F034,LAND,2026-08-07 08:05,2026-08-09 09:26,shift
P3621,A01,F008,2026-08-07 08:05,2026-08-09 23:59,shift
P3622,F049,F048,2026-08-07 07:52,2026-08-09 23:59,shift
P3623,LAND,F022,2026-08-09 08:52,2026-08-09 10:24,emergency
P3624,LAND,F005,2026-08-06 09:10,2026-08-08 10:02,shift
P3625,LAND,F046,2026-08-04 08:48,2026-08-06 10:31,temporary
P3626,LAND,F029,2026-08-05 08:05,2026-08-05 11:51,production
P3627,A03,F050,2026-08-04 07:11,2026-08-06 09:24,shift
P3628,F031,LAND,2026-08-05 11:38,2026-08-06 12:44,shift
P3629,F018,LAND,2026-08-05 10:32,2026-08-08 11:31,shift
P3630,F019,LAND,2026-08-05 16:23,2026-08-09 17:52,temporary
P3631,LAND,F003,2026-08-07 06:37,2026-08-07 09:02,production
P3632,F011,LAND,2026-08-03 10:58,2026-08-05 11:53,shift
P3633,LAND,F020,2026-08-03 00:00,2026-08-04 07:57,shift
P3634,LAND,F014,2026-08-04 07:15,2026-08-06 08:07,shift
P3635,F014,LAND,2026-08-04 08:17,2026-08-07 09:09,temporary
P3636,LAND,F001,2026-08-03 00:00,2026-08-05 07:43,shift
P3637,LAND,F037,2026-08-03 08:49,2026-08-03 12:21,production
P3638,F045,LAND,2026-08-03 10:58,2026-08-06 12:21,shift
P3639,F026,A02,2026-08-06 08:53,2026-08-09 09:54,shift
P3640,LAND,F052,2026-08-06 08:58,2026-08-08 11:09,shift
P3641,F047,F049,2026-08-07 17:06,2026-08-08 17:12,shift
P3642,F035,LAND,2026-08-06 09:43,2026-08-07 11:10,shift
P3643,F028,F018,2026-08-06 10:44,2026-08-09 11:02,shift
P3644,A01,F010,2026-08-08 09:58,2026-08-09 23:59,shift
P3645,F044,A03,2026-08-07 08:22,2026-08-09 10:03,shift
P3646,F017,LAND,2026-08-05 10:31,2026-08-08 11:13,shift
P3647,F043,LAND,2026-08-04 12:13,2026-08-06 13:36,shift
P3648,F003,LAND,2026-08-06 08:09,2026-08-09 09:30,shift
P3649,LAND,F033,2026-08-05 07:32,2026-08-07 08:48,shift
P3650,LAND,F008,2026-08-04 07:10,2026-08-06 08:27,shift
P3651,LAND,F014,2026-08-04 07:15,2026-08-07 08:07,shift
P3652,A02,F035,2026-08-06 08:06,2026-08-08 09:33,shift
P3653,F018,LAND,2026-08-05 10:32,2026-08-07 11:31,shift
P3654,F020,LAND,2026-08-06 08:05,2026-08-07 08:56,shift
P3655,LAND,F017,2026-08-08 10:11,2026-08-09 23:59,shift
P3656,LAND,F044,2026-08-06 06:21,2026-08-08 08:02,shift
P3657,F017,LAND,2026-08-09 11:03,2026-08-09 23:59,shift
P3658,A02,F026,2026-08-07 07:20,2026-08-08 08:43,shift
P3659,F022,LAND,2026-08-06 09:41,2026-08-07 10:47,shift
P3660,F028,F018,2026-08-06 10:44,2026-08-09 11:02,shift
P3661,F029,F021,2026-08-08 09:49,2026-08-09 09:54,shift
P3662,F050,F043,2026-08-07 09:47,2026-08-09 10:39,shift
P3663,F038,F039,2026-08-09 09:28,2026-08-09 12:01,production
P3664,LAND,F046,2026-08-05 08:12,2026-08-05 11:24,production
P3665,F046,F047,2026-08-05 10:00,2026-08-08 10:05,shift
P3666,F031,F021,2026-08-08 11:14,2026-08-09 23:59,shift
P3667,F027,LAND,2026-08-07 16:20,2026-08-08 17:23,shift
P3668,F049,F048,2026-08-08 07:52,2026-08-09 08:02,shift
P3669,F004,F007,2026-08-04 08:10,2026-08-06 08:22,shift
P3670,F002,LAND,2026-08-06 08:48,2026-08-08 09:57,shift
P3671,F033,A02,2026-08-08 09:07,2026-08-09 10:13,shift
P3672,F036,F046,2026-08-03 00:00,2026-08-04 08:10,shift
P3673,F012,LAND,2026-08-08 08:30,2026-08-09 09:36,shift
P3674,A03,F038,2026-08-03 00:00,2026-08-06 07:59,temporary
P3675,F010,F007,2026-08-05 07:53,2026-08-07 08:27,shift
P3676,LAND,F013,2026-08-05 06:47,2026-08-07 08:16,shift
P3677,F012,LAND,2026-08-04 11:41,2026-08-06 12:47,shift
P3678,F021,LAND,2026-08-05 09:04,2026-08-07 10:14,shift
P3679,F001,LAND,2026-08-08 08:03,2026-08-09 23:59,shift
P3680,F020,F019,2026-08-03 00:00,2026-08-05 10:58,shift
P3681,F031,F021,2026-08-09 11:14,2026-08-09 23:59,shift
P3682,F047,F049,2026-08-07 17:06,2026-08-09 17:12,shift
P3683,F046,F047,2026-08-06 10:00,2026-08-07 10:05,shift
P3684,LAND,F017,2026-08-06 09:39,2026-08-08 10:21,shift
P3685,LAND,F018,2026-08-03 00:00,2026-08-04 08:48,shift
P3686,LAND,F030,2026-08-05 09:40,2026-08-06 10:30,shift
P3687,F037,F040,2026-08-03 00:00,2026-08-05 12:23,shift
P3688,F007,LAND,2026-08-03 00:00,2026-08-04 09:29,shift
P3689,F022,LAND,2026-08-05 09:41,2026-08-08 10:47,shift
P3690,F014,LAND,2026-08-05 08:17,2026-08-07 09:09,shift
P3691,F045,F048,2026-08-05 08:40,2026-08-08 09:14,shift
P3692,F046,F047,2026-08-05 10:00,2026-08-08 10:05,shift
P3693,LAND,F011,2026-08-04 09:43,2026-08-06 10:38,shift
P3694,LAND,F026,2026-08-03 07:14,2026-08-06 08:24,shift
P3695,F049,F048,2026-08-08 07:52,2026-08-09 23:59,shift
P3696,F043,F051,2026-08-04 10:17,2026-08-06 10:29,shift
P3697,F036,LAND,2026-08-06 11:57,2026-08-07 13:00,shift
P3698,A03,F036,2026-08-03 00:00,2026-08-05 16:39,shift
P3699,LAND,F048,2026-08-07 08:31,2026-08-09 23:59,shift
P3700,F027,A02,2026-08-04 09:06,2026-08-05 10:09,shift
P3701,F027,F021,2026-08-06 07:19,2026-08-09 07:52,shift
P3702,F034,LAND,2026-08-04 10:04,2026-08-06 11:25,shift
P3703,A03,F049,2026-08-08 09:40,2026-08-09 11:35,shift
P3704,F049,LAND,2026-08-08 11:04,2026-08-08 13:50,production
P3705,F016,LAND,2026-08-06 16:00,2026-08-07 17:13,shift
P3706,LAND,F005,2026-08-07 08:13,2026-08-07 10:55,production
P3707,F003,LAND,2026-08-03 08:36,2026-08-05 09:57,shift
P3708,A03,F051,2026-08-08 07:26,2026-08-09 23:59,shift
P3709,F041,F045,2026-08-03 10:20,2026-08-06 10:27,shift
P3710,F031,F021,2026-08-08 11:14,2026-08-09 23:59,shift
P3711,A02,F019,2026-08-06 15:07,2026-08-06 16:38,emergency
P3712,F015,LAND,2026-08-09 09:29,2026-08-09 12:26,production
P3713,F034,LAND,2026-08-07 08:05,2026-08-09 23:59,shift
P3714,LAND,F007,2026-08-07 07:30,2026-08-09 08:51,shift
P3715,F027,A02,2026-08-03 09:06,2026-08-05 10:09,shift
P3716,F023,LAND,2026-08-07 16:51,2026-08-08 18:16,shift
P3717,LAND,F037,2026-08-06 06:16,2026-08-06 10:18,production
P3718,LAND,F027,2026-08-07 15:07,2026-08-08 16:10,shift
P3719,F005,LAND,2026-08-03 09:50,2026-08-04 10:42,shift
P3720,F034,LAND,2026-08-04 10:04,2026-08-07 11:25,shift
P3721,LAND,F040,2026-08-06 09:13,2026-08-08 11:55,shift
P3722,F045,LAND,2026-08-07 17:15,2026-08-09 18:38,shift
P3723,F014,LAND,2026-08-05 07:23,2026-08-05 10:38,production
P3724,F047,F049,2026-08-07 16:56,2026-08-07 17:30,emergency
P3725,LAND,F009,2026-08-04 07:53,2026-08-06 08:33,shift
P3726,F004,LAND,2026-08-03 00:00,2026-08-05 10:16,shift
P3727,LAND,F020,2026-08-03 06:58,2026-08-04 07:57,shift
P3728,F038,F039,2026-08-09 10:20,2026-08-09 23:59,shift
P3729,F016,F005,2026-08-07 11:22,2026-08-08 11:29,shift
P3730,A03,F050,2026-08-09 09:33,2026-08-09 23:59,shift
P3731,F021,LAND,2026-08-06 08:25,2026-08-06 11:22,production
P3732,F029,LAND,2026-08-08 10:34,2026-08-09 11:26,shift
P3733,F015,F009,2026-08-06 10:47,2026-08-09 10:58,shift
P3734,LAND,F021,2026-08-05 07:44,2026-08-08 08:54,shift
P3735,F006,LAND,2026-08-03 10:09,2026-08-03 13:16,production
P3736,F004,LAND,2026-08-03 09:22,2026-08-05 10:16,shift
P3737,F020,LAND,2026-08-08 08:49,2026-08-09 23:59,shift
P3738,F037,F044,2026-08-08 09:04,2026-08-09 23:59,shift
P3739,F021,LAND,2026-08-03 00:00,2026-08-05 10:09,shift
P3740,F016,LAND,2026-08-06 16:00,2026-08-07 17:13,shift
P3741,LAND,F029,2026-08-07 09:07,2026-08-09 23:59,shift
P3742,F044,LAND,2026-08-07 08:12,2026-08-07 10:28,emergency
P3743,F023,A02,2026-08-04 07:40,2026-08-05 09:13,shift
P3744,F005,F017,2026-08-04 08:24,2026-08-06 09:00,shift
P3745,F039,LAND,2026-08-06 10:37,2026-08-07 11:48,shift
P3746,F015,LAND,2026-08-05 08:29,2026-08-07 09:15,shift
P3747,F013,LAND,2026-08-07 09:53,2026-08-09 11:22,shift
P3748,F042,F040,2026-08-04 09:55,2026-08-07 10:04,shift
P3749,LAND,F021,2026-08-05 07:44,2026-08-08 08:54,shift
P3750,F016,F005,2026-08-06 11:22,2026-08-09 11:29,shift
P3751,LAND,F022,2026-08-03 07:37,2026-08-06 08:57,shift
P3752,LAND,F019,2026-08-03 00:00,2026-08-04 10:06,shift
P3753,F032,F025,2026-08-09 08:20,2026-08-09 23:59,shift
P3754,F037,LAND,2026-08-03 11:40,2026-08-04 13:42,shift
P3755,A03,F036,2026-08-09 15:17,2026-08-09 23:59,shift
P3756,LAND,F028,2026-08-05 06:15,2026-08-06 07:35,shift
P3757,LAND,F034,2026-08-03 00:00,2026-08-06 09:54,temporary
P3758,LAND,F036,2026-08-03 00:00,2026-08-04 16:39,shift
P3759,F039,LAND,2026-08-03 00:00,2026-08-05 09:51,shift
P3760,LAND,F010,2026-08-08 09:08,2026-08-08 11:48,production
P3761,LAND,F004,2026-08-03 00:00,2026-08-05 09:12,shift
P3762,LAND,F044,2026-08-07 06:21,2026-08-09 08:02,shift
P3763,LAND,F046,2026-08-08 09:19,2026-08-09 11:02,shift
P3764,F013,F002,2026-08-06 08:45,2026-08-07 09:07,shift
P3765,F017,LAND,2026-08-06 10:31,2026-08-08 11:13,shift
P3766,F001,F005,2026-08-07 10:14,2026-08-09 23:59,shift
P3767,F021,LAND,2026-08-09 09:41,2026-08-09 23:59,shift
P3768,F012,LAND,2026-08-04 11:41,2026-08-05 12:47,shift
P3769,F015,LAND,2026-08-06 10:20,2026-08-09 23:59,temporary
P3770,A03,F036,2026-08-09 15:17,2026-08-09 23:59,shift
P3771,LAND,F049,2026-08-08 09:40,2026-08-09 23:59,shift
P3772,F035,LAND,2026-08-05 09:43,2026-08-08 11:10,shift
P3773,F002,LAND,2026-08-06 08:48,2026-08-07 09:57,shift
P3774,LAND,F043,2026-08-03 10:17,2026-08-06 12:03,shift
P3775,A01,F010,2026-08-08 09:58,2026-08-09 10:57,shift
P3776,F002,F004,2026-08-03 08:15,2026-08-05 08:56,shift
P3777,F037,F040,2026-08-03 00:00,2026-08-04 12:23,shift
P3778,F001,F016,2026-08-03 11:33,2026-08-04 11:46,shift
P3779,LAND,F002,2026-08-08 07:25,2026-08-09 23:59,shift
P3780,LAND,F031,2026-08-07 10:14,2026-08-09 23:59,shift
P3781,F042,F040,2026-08-05 09:15,2026-08-05 11:02,production
P3782,LAND,F022,2026-08-06 08:25,2026-08-07 09:31,shift
P3783,F022,LAND,2026-08-05 09:41,2026-08-08 10:47,shift
P3784,F009,LAND,2026-08-07 10:24,2026-08-09 23:59,shift
P3785,F043,LAND,2026-08-04 11:35,2026-08-04 14:48,production
P3786,LAND,F011,2026-08-05 06:36,2026-08-09 07:31,temporary
P3787,F019,F033,2026-08-03 09:47,2026-08-04 09:54,shift
P3788,F022,A02,2026-08-08 10:15,2026-08-09 23:59,shift
P3789,F008,A01,2026-08-07 09:32,2026-08-09 10:49,shift
P3790,F024,F027,2026-08-05 16:19,2026-08-06 16:24,shift
P3791,LAND,F032,2026-08-08 06:58,2026-08-09 08:35,shift
P3792,F020,LAND,2026-08-08 08:49,2026-08-09 23:59,shift
P3793,LAND,F043,2026-08-06 07:00,2026-08-08 08:46,shift
P3794,F021,F027,2026-08-03 00:00,2026-08-04 08:06,shift
P3795,F043,F051,2026-08-04 10:17,2026-08-07 10:29,shift
P3796,F001,LAND,2026-08-09 07:12,2026-08-09 10:43,production
P3797,LAND,F013,2026-08-08 07:53,2026-08-09 09:43,shift
P3798,F033,LAND,2026-08-08 09:07,2026-08-09 23:59,shift
P3799,LAND,F030,2026-08-04 09:40,2026-08-06 10:30,shift
P3800,F045,LAND,2026-08-07 16:22,2026-08-07 20:08,production
P3801,F039,LAND,2026-08-03 00:00,2026-08-05 09:51,shift
P3802,F026,F033,2026-08-06 07:45,2026-08-08 07:55,shift
P3803,F041,A03,2026-08-03 10:52,2026-08-06 13:37,shift
P3804,F038,F039,2026-08-09 09:45,2026-08-09 12:02,production
P3805,F032,LAND,2026-08-08 08:45,2026-08-09 10:02,shift
P3806,F022,LAND,2026-08-04 09:07,2026-08-06 09:57,shift
P3807,LAND,F009,2026-08-06 09:28,2026-08-09 23:59,temporary
P3808,LAND,F014,2026-08-03 00:00,2026-08-07 08:07,temporary
P3809,LAND,F021,2026-08-03 07:39,2026-08-05 08:49,shift
P3810,LAND,F023,2026-08-03 06:17,2026-08-05 07:30,shift
P3811,LAND,F006,2026-08-03 00:00,2026-08-05 10:37,shift
P3812,F003,LAND,2026-08-03 00:00,2026-08-06 09:57,temporary
P3813,F051,F038,2026-08-08 09:23,2026-08-09 09:28,shift
P3814,LAND,F005,2026-08-03 08:48,2026-08-04 09:40,shift
P3815,LAND,F025,2026-08-03 15:15,2026-08-05 16:46,shift
P3816,LAND,F027,2026-08-03 07:53,2026-08-05 08:56,shift
P3817,LAND,F010,2026-08-03 08:32,2026-08-06 09:31,shift
P3818,F052,LAND,2026-08-05 11:19,2026-08-08 13:10,shift
P3819,F052,F048,2026-08-08 10:34,2026-08-09 10:42,shift
P3820,F042,A03,2026-08-06 08:20,2026-08-09 10:23,shift
P3821,F027,LAND,2026-08-07 15:22,2026-08-07 18:32,production
P3822,LAND,F020,2026-08-03 06:58,2026-08-05 07:57,shift
P3823,LAND,F027,2026-08-03 07:53,2026-08-05 08:56,shift
P3824,LAND,F007,2026-08-03 06:51,2026-08-05 08:05,shift
P3825,F044,LAND,2026-08-06 08:22,2026-08-08 10:03,shift
P3826,F040,LAND,2026-08-06 12:05,2026-08-09 14:47,shift
P3827,F025,LAND,2026-08-07 07:35,2026-08-07 10:30,production
P3828,F019,F033,2026-08-03 00:00,2026-08-04 09:54,temporary
P3829,F039,F048,2026-08-09 07:36,2026-08-09 23:59,shift
P3830,F001,LAND,2026-08-05 11:18,2026-08-07 12:42,shift
P3831,F027,LAND,2026-08-06 16:20,2026-08-08 17:23,shift
P3832,F019,LAND,2026-08-08 08:20,2026-08-09 23:59,shift
P3833,F045,F048,2026-08-05 08:40,2026-08-07 09:14,shift
P3834,F019,F033,2026-08-03 09:47,2026-08-05 09:54,shift
P3835,F033,LAND,2026-08-05 08:58,2026-08-07 10:14,shift
P3836,LAND,F015,2026-08-09 08:53,2026-08-09 23:59,shift
P3837,F037,F044,2026-08-08 09:04,2026-08-09 23:59,shift
P3838,F037,A03,2026-08-05 09:05,2026-08-08 11:07,shift
P3839,F004,LAND,2026-08-07 08:53,2026-08-09 10:20,shift
P3840,LAND,F031,2026-08-05 10:12,2026-08-06 11:18,shift
P3841,F026,F033,2026-08-05 07:45,2026-08-07 07:55,shift
P3842,F030,LAND,2026-08-08 10:14,2026-08-08 12:58,production
P3843,LAND,F006,2026-08-07 07:00,2026-08-08 08:15,shift
P3844,A02,F035,2026-08-06 07:29,2026-08-06 10:42,production
P3845,F008,LAND,2026-08-03 08:37,2026-08-06 09:54,shift
P3846,LAND,F037,2026-08-06 06:47,2026-08-06 09:08,emergency
P3847,LAND,F030,2026-08-08 09:44,2026-08-09 23:59,shift
P3848,LAND,F020,2026-08-03 06:16,2026-08-03 09:08,production
P3849,LAND,F013,2026-08-08 07:53,2026-08-09 23:59,shift
P3850,LAND,F031,2026-08-05 10:12,2026-08-06 11:18,shift
P3851,LAND,F037,2026-08-03 09:28,2026-08-04 11:30,shift
P3852,LAND,F006,2026-08-07 07:00,2026-08-09 08:15,shift
P3853,F045,LAND,2026-08-03 10:58,2026-08-06 12:21,shift
P3854,F007,LAND,2026-08-03 08:15,2026-08-05 09:29,shift
P3855,F047,LAND,2026-08-08 10:53,2026-08-08 14:35,production
P3856,LAND,F039,2026-08-06 09:16,2026-08-07 10:27,shift
P3857,F005,LAND,2026-08-03 09:50,2026-08-05 10:42,shift
P3858,F021,A02,2026-08-06 09:04,2026-08-07 10:14,shift
P3859,LAND,F019,2026-08-08 07:11,2026-08-09 23:59,shift
P3860,F026,LAND,2026-08-07 08:53,2026-08-08 09:54,shift
P3861,F037,LAND,2026-08-06 09:05,2026-08-07 11:07,shift
P3862,LAND,F026,2026-08-07 07:20,2026-08-09 08:43,shift
P3863,F022,LAND,2026-08-06 09:41,2026-08-07 10:47,shift
P3864,F041,F045,2026-08-04 10:20,2026-08-06 10:27,shift
P3865,F046,LAND,2026-08-05 09:59,2026-08-05 13:16,production
P3866,F005,F017,2026-08-04 08:24,2026-08-06 09:00,shift
P3867,F005,LAND,2026-08-07 10:12,2026-08-09 11:04,shift
P3868,LAND,F049,2026-08-07 09:40,2026-08-09 23:59,shift
P3869,F014,F017,2026-08-07 08:33,2026-08-07 11:27,production
P3870,F027,LAND,2026-08-07 16:20,2026-08-09 17:23,shift
P3871,F012,F015,2026-08-06 10:21,2026-08-07 10:30,shift
P3872,A02,F024,2026-08-04 09:30,2026-08-06 10:30,shift
P3873,F046,F047,2026-08-06 10:00,2026-08-08 10:05,shift
P3874,F012,LAND,2026-08-07 08:30,2026-08-09 23:59,shift
P3875,LAND,F002,2026-08-03 06:58,2026-08-05 08:26,shift
P3876,F004,F007,2026-08-04 07:28,2026-08-04 09:07,production
P3877,LAND,F021,2026-08-03 07:39,2026-08-05 08:49,shift
P3878,F022,F033,2026-08-03 09:47,2026-08-05 09:55,shift
P3879,LAND,F034,2026-08-04 08:12,2026-08-06 09:54,shift
P3880,LAND,F009,2026-08-07 09:28,2026-08-09 23:59,shift
P3881,F025,F027,2026-08-06 09:36,2026-08-07 10:11,shift
P3882,A01,F005,2026-08-07 09:10,2026-08-08 10:02,shift
P3883,F027,LAND,2026-08-03 09:06,2026-08-06 10:09,shift
P3884,LAND,F002,2026-08-06 07:29,2026-08-07 08:38,shift
P3885,LAND,F048,2026-08-05 09:57,2026-08-07 11:34,shift
P3886,F024,LAND,2026-08-06 11:21,2026-08-09 12:21,shift
P3887,F012,LAND,2026-08-03 11:41,2026-08-06 12:47,shift
P3888,LAND,F002,2026-08-08 07:25,2026-08-09 23:59,shift
P3889,LAND,F050,2026-08-09 08:48,2026-08-09 13:30,production
P3890,F018,LAND,2026-08-03 09:08,2026-08-04 10:00,shift
P3891,F005,LAND,2026-08-07 10:12,2026-08-08 11:04,shift
P3892,LAND,F010,2026-08-08 09:58,2026-08-09 10:57,shift
P3893,F047,LAND,2026-08-08 11:42,2026-08-08 13:56,emergency
P3894,F013,LAND,2026-08-04 08:26,2026-08-07 09:55,shift
P3895,LAND,F021,2026-08-06 07:44,2026-08-07 08:54,shift
P3896,F010,F007,2026-08-05 07:53,2026-08-06 08:27,shift
P3897,LAND,F044,2026-08-06 06:21,2026-08-09 08:02,shift
P3898,LAND,F050,2026-08-05 07:11,2026-08-06 09:24,shift
P3899,F007,F002,2026-08-04 10:22,2026-08-07 10:31,shift
P3900,F021,LAND,2026-08-08 09:41,2026-08-09 23:59,shift
P3901,F021,LAND,2026-08-08 09:41,2026-08-09 23:59,shift
P3902,F022,LAND,2026-08-09 10:15,2026-08-09 23:59,shift
P3903,LAND,F048,2026-08-07 08:31,2026-08-09 10:21,shift
P3904,F010,LAND,2026-08-04 08:50,2026-08-04 12:29,production
P3905,F039,F052,2026-08-03 10:59,2026-08-06 11:42,shift
P3906,LAND,F004,2026-08-03 00:00,2026-08-04 09:12,shift
P3907,F034,LAND,2026-08-05 10:04,2026-08-07 11:25,shift
P3908,F032,LAND,2026-08-05 08:41,2026-08-07 09:58,shift
P3909,LAND,F047,2026-08-05 09:18,2026-08-07 11:01,shift
P3910,F019,A02,2026-08-06 16:23,2026-08-08 17:52,shift
P3911,LAND,F034,2026-08-08 06:13,2026-08-09 07:55,shift
P3912,F019,F033,2026-08-03 09:47,2026-08-05 09:54,shift
P3913,F048,LAND,2026-08-07 10:31,2026-08-09 23:59,shift
P3914,LAND,F026,2026-08-07 07:20,2026-08-08 08:43,shift
P3915,F040,F041,2026-08-03 08:40,2026-08-05 09:19,shift
P3916,F003,F007,2026-08-08 09:19,2026-08-09 23:59,shift
P3917,LAND,F005,2026-08-06 09:10,2026-08-09 10:02,temporary
P3918,F025,F027,2026-08-05 09:36,2026-08-08 10:11,shift
P3919,F032,LAND,2026-08-07 08:45,2026-08-09 10:02,shift
P3920,LAND,F050,2026-08-05 07:11,2026-08-07 09:24,shift
P3921,F017,F014,2026-08-06 08:42,2026-08-08 08:54,shift
P3922,F023,F032,2026-08-04 10:50,2026-08-04 12:51,production
P3923,F014,LAND,2026-08-09 09:49,2026-08-09 23:59,shift
P3924,F005,F017,2026-08-04 08:24,2026-08-06 09:00,shift
P3925,LAND,F013,2026-08-04 06:47,2026-08-06 08:16,shift
P3926,F027,F021,2026-08-07 06:37,2026-08-07 09:17,production
P3927,F034,LAND,2026-08-04 10:04,2026-08-06 11:25,shift
P3928,F021,LAND,2026-08-09 09:41,2026-08-09 23:59,shift
P3929,LAND,F033,2026-08-04 07:32,2026-08-06 08:48,shift
P3930,F051,LAND,2026-08-04 10:57,2026-08-06 12:26,shift
P3931,F035,LAND,2026-08-05 09:43,2026-08-08 11:10,shift
P3932,F011,F015,2026-08-05 07:33,2026-08-07 07:41,shift
P3933,F010,LAND,2026-08-07 11:07,2026-08-09 12:35,shift
P3934,F048,F039,2026-08-06 10:52,2026-08-09 11:02,shift
P3935,LAND,F019,2026-08-05 15:14,2026-08-07 16:13,shift
P3936,F001,LAND,2026-08-03 07:53,2026-08-05 09:10,shift
P3937,LAND,F020,2026-08-09 07:48,2026-08-09 23:59,shift
P3938,A01,F004,2026-08-07 07:55,2026-08-08 08:43,shift
P3939,LAND,F015,2026-08-08 08:53,2026-08-09 23:59,shift
P3940,LAND,F001,2026-08-09 06:53,2026-08-09 23:59,shift
P3941,F004,F007,2026-08-03 00:00,2026-08-07 08:22,temporary
P3942,F017,F014,2026-08-07 08:42,2026-08-08 08:54,shift
P3943,F002,F004,2026-08-04 08:15,2026-08-06 08:56,shift
P3944,F050,F043,2026-08-07 09:47,2026-08-09 10:39,shift
P3945,A01,F015,2026-08-05 07:02,2026-08-08 08:19,shift
P3946,F011,F015,2026-08-06 07:33,2026-08-07 07:41,shift
P3947,LAND,F051,2026-08-08 07:26,2026-08-09 23:59,shift
P3948,F020,LAND,2026-08-09 07:49,2026-08-09 10:30,production
P3949,F024,F027,2026-08-04 16:19,2026-08-06 16:24,shift
P3950,F039,A03,2026-08-06 10:37,2026-08-07 11:48,shift
P3951,F009,F003,2026-08-04 10:54,2026-08-07 11:38,shift
P3952,F036,F046,2026-08-03 07:10,2026-08-03 09:05,production
P3953,F020,LAND,2026-08-06 08:05,2026-08-08 08:56,shift
P3954,LAND,F041,2026-08-07 09:51,2026-08-09 12:00,shift
P3955,LAND,F038,2026-08-06 08:07,2026-08-08 09:31,shift
P3956,F004,LAND,2026-08-07 08:53,2026-08-08 10:20,shift
P3957,F011,LAND,2026-08-04 10:58,2026-08-06 11:53,shift
P3958,F027,LAND,2026-08-04 09:06,2026-08-05 10:09,shift
P3959,LAND,F042,2026-08-03 09:02,2026-08-06 11:51,shift
P3960,F041,LAND,2026-08-03 10:52,2026-08-05 13:37,shift
P3961,A01,F002,2026-08-03 00:00,2026-08-04 08:26,shift
P3962,F039,LAND,2026-08-06 10:37,2026-08-08 11:48,shift
P3963,LAND,F027,2026-08-04 07:53,2026-08-06 08:56,shift
P3964,F043,F051,2026-08-05 10:17,2026-08-06 10:29,shift
P3965,F002,LAND,2026-08-05 08:48,2026-08-07 09:57,shift
P3966,LAND,F048,2026-08-07 08:31,2026-08-09 10:21,shift
P3967,F051,LAND,2026-08-09 09:13,2026-08-09 23:59,shift
P3968,LAND,F002,2026-08-06 07:29,2026-08-08 08:38,shift
P3969,A03,F045,2026-08-06 15:11,2026-08-08 17:05,shift
P3970,LAND,F042,2026-08-04 09:02,2026-08-05 11:51,shift
P3971,F011,LAND,2026-08-08 07:51,2026-08-09 08:46,shift
P3972,F041,F045,2026-08-04 09:37,2026-08-04 11:39,production
P3973,LAND,F014,2026-08-05 06:21,2026-08-05 09:27,production
P3974,F039,F052,2026-08-03 10:59,2026-08-05 11:42,shift
P3975,F008,LAND,2026-08-04 08:37,2026-08-06 09:54,shift
P3976,F030,F026,2026-08-08 16:11,2026-08-09 23:59,shift
P3977,F013,LAND,2026-08-05 07:46,2026-08-05 11:22,production
P3978,F003,LAND,2026-08-03 08:36,2026-08-04 09:57,shift
P3979,F010,LAND,2026-08-04 09:41,2026-08-06 11:09,shift
P3980,F027,LAND,2026-08-03 09:06,2026-08-05 10:09,shift
P3981,F012,F015,2026-08-05 10:21,2026-08-08 10:30,shift
P3982,LAND,F019,2026-08-08 07:11,2026-08-09 23:59,shift
P3983,F007,LAND,2026-08-08 08:29,2026-08-08 10:50,production
P3984,LAND,F003,2026-08-03 00:00,2026-08-05 08:26,shift
P3985,LAND,F015,2026-08-08 08:53,2026-08-09 23:59,shift
P3986,F040,LAND,2026-08-07 12:05,2026-08-08 14:47,shift
P3987,LAND,F052,2026-08-08 08:03,2026-08-09 23:59,shift
P3988,F011,F015,2026-08-05 07:33,2026-08-08 07:41,shift
P3989,LAND,F037,2026-08-05 06:53,2026-08-08 08:55,shift
P3990,F009,F003,2026-08-05 10:54,2026-08-06 11:38,shift
P3991,F038,F045,2026-08-03 00:00,2026-08-05 16:59,shift
P3992,LAND,F045,2026-08-04 08:02,2026-08-04 12:01,production
P3993,F037,LAND,2026-08-03 10:58,2026-08-03 14:54,production
P3994,LAND,F014,2026-08-05 07:15,2026-08-06 08:07,shift
P3995,F003,LAND,2026-08-06 08:09,2026-08-08 09:30,shift
P3996,LAND,F022,2026-08-03 07:37,2026-08-06 08:57,shift
P3997,F036,F049,2026-08-09 11:56,2026-08-09 23:59,shift
P3998,LAND,F020,2026-08-03 06:58,2026-08-04 07:57,shift
P3999,F017,F014,2026-08-07 08:42,2026-08-08 08:54,shift
P4000,F005,LAND,2026-08-03 09:50,2026-08-05 10:42,shift
